0.60625, 0.4375, -0.2779715657234192, 0.999922513961792, 0.9999359846115112, True, 0.615625, 0.42291666666666666, -0.24202993512153625, 0.9995822310447693, 0.9998714923858643, True, 0.6203125, 0.425, -0.24273847043514252, 0.9996418952941895, 0.99988853931427, True, 0.625, 0.425, -0.2426523119211197, 0.9996446371078491, 0.9998490810394287, True, 0.6046875, 0.425, -0.2208768129348755, 0.9997054934501648, 0.9998444318771362, True, 0.603125, 0.425, -0.22184455394744873, 0.9998008608818054, 0.9998829364776611, True, 0.6, 0.425, -0.2224476933479309, 0.9998051524162292, 0.9998668432235718, True, 0.640625, 0.4395833333333333, -0.04841088131070137, 0.9997552037239075, 0.9999023675918579, True, 0.603125, 0.4354166666666667, 0.050726257264614105, 0.9995494484901428, 0.9998708963394165, True, 0.615625, 0.45625, -0.2006606161594391, 0.9998430013656616, 0.9999510049819946, True, 0.603125, 0.45625, -0.17705976963043213, 0.9998043179512024, 0.9998886585235596, True, 0.6921875, 0.54375, 0.020627137273550034, 0.9999662637710571, 0.9999833106994629, True, 0.559375, 0.5291666666666667, 0.16524100303649902, 0.9999463558197021, 0.9999386072158813, True, 0.715625, 0.6729166666666667, 0.03402248024940491, 0.9310622215270996, 0.9998607635498047, True, 0.465625, 0.56875, 0.06869424134492874, 0.9343293309211731, 0.9998605251312256, True, 0.740625, 0.7916666666666666, -0.2108808308839798, 0.9010167121887207, 0.9997386336326599, True, 0.3625, 0.5916666666666667, -0.3279109001159668, 0.9740886688232422, 0.9998217225074768, True, 0.746875, 0.8208333333333333, -0.26271066069602966, 0.8669998645782471, 0.9987254738807678, True, 0.33125, 0.5979166666666667, -0.4123048782348633, 0.9544790387153625, 0.9991439580917358, True, 0.746875, 0.8208333333333333, -0.3546513319015503, 0.8894925713539124, 0.9985294342041016, True, 0.33125, 0.5895833333333333, -0.49270573258399963, 0.9614188075065613, 0.9991133809089661, True, 0.7390625, 0.8125, -0.25214242935180664, 0.8796374201774597, 0.9992188215255737, True, 0.34375, 0.5895833333333333, -0.3794764578342438, 0.9657134413719177, 0.9996403455734253, True, 0.65625, 0.8104166666666667, -0.015257693827152252, 0.9974856376647949, 0.9970434308052063, True, 0.571875, 0.8041666666666667, 0.014389103278517723, 0.9979123473167419, 0.9966803789138794, True, 0.7599853873252869, 1.0029826164245605, -0.23394255340099335, 0.050127673894166946, 0.5938301682472229, False, 0.5879018902778625, 1.0171618461608887, -0.150163933634758, 0.0620843879878521, 0.6372951865196228, False, 0.7265956401824951, 1.3439314365386963, 0.07430638372898102, 0.005952417850494385, 0.07662900537252426, False, 0.5631528496742249, 1.3324259519577026, 0.26094016432762146, 0.006849960889667273, 0.04708123207092285, False, 0.7247895002365112, 1.382513403892517, 0.08880751579999924, 0.005712768994271755, 0.03991419076919556, False, 0.5633059740066528, 1.3794586658477783, 0.2924622595310211, 0.0071684266440570354, 0.05309414491057396, False, 0.6822081208229065, 1.4362075328826904, -0.16878901422023773, 0.006466751452535391, 0.07919507473707199, False, 0.5570782423019409, 1.4282408952713013, 0.07414313405752182, 0.006098724436014891, 0.07074584066867828, False
0.596875, 0.4270833333333333, -0.13006722927093506, 0.9999306201934814, 0.9999192953109741, True, 0.6078125, 0.41458333333333336, -0.10498598963022232, 0.9997116923332214, 0.999842643737793, True, 0.6125, 0.41458333333333336, -0.10563070327043533, 0.9997164607048035, 0.9998712539672852, True, 0.61875, 0.41458333333333336, -0.1055329218506813, 0.9997740387916565, 0.9998377561569214, True, 0.5984375, 0.4166666666666667, -0.07596109062433243, 0.9997885823249817, 0.9998021721839905, True, 0.596875, 0.4166666666666667, -0.07685639709234238, 0.9998301267623901, 0.9998549222946167, True, 0.59375, 0.41875, -0.07734670490026474, 0.999864935874939, 0.9998400211334229, True, 0.6359375, 0.4270833333333333, 0.024012697860598564, 0.9998537302017212, 0.9999152421951294, True, 0.6015625, 0.42916666666666664, 0.15812411904335022, 0.9996938705444336, 0.9998708963394165, True, 0.609375, 0.4479166666666667, -0.07784340530633926, 0.9999314546585083, 0.9999676942825317, True, 0.596875, 0.4479166666666667, -0.04436436668038368, 0.9999055862426758, 0.9999144077301025, True, 0.690625, 0.5458333333333333, 0.04952682927250862, 0.9999786615371704, 0.9999904632568359, True, 0.5578125, 0.5270833333333333, 0.23343057930469513, 0.9999516010284424, 0.9999526739120483, True, 0.715625, 0.675, 0.012591210193932056, 0.9792857766151428, 0.9999606609344482, True, 0.46875, 0.5916666666666667, 0.15207551419734955, 0.9475098848342896, 0.9999392032623291, True, 0.7390625, 0.7916666666666666, -0.2826882600784302, 0.9624912738800049, 0.999927282333374, True, 0.36875, 0.63125, -0.22406983375549316, 0.9522937536239624, 0.9998326301574707, True, 0.7453125, 0.8291666666666667, -0.3508594334125519, 0.9304268956184387, 0.9995724558830261, True, 0.3390625, 0.6458333333333334, -0.3096913993358612, 0.9082103967666626, 0.9991224408149719, True, 0.7421875, 0.83125, -0.4381040036678314, 0.9381799101829529, 0.999555766582489, True, 0.3375, 0.6354166666666666, -0.39431777596473694, 0.9200748801231384, 0.9990559220314026, True, 0.7359375, 0.81875, -0.3238598108291626, 0.9279327988624573, 0.9997895359992981, True, 0.3484375, 0.6333333333333333, -0.2776152789592743, 0.9266625642776489, 0.9996261596679688, True, 0.653125, 0.8041666666666667, -0.0001658701803535223, 0.9995844960212708, 0.9997003078460693, True, 0.5703125, 0.7958333333333333, -0.00038983504055067897, 0.9996346235275269, 0.999639630317688, True, 0.7686353921890259, 1.0098689794540405, -0.057296205312013626, 0.13254912197589874, 0.9213165044784546, False, 0.5935974717140198, 1.0054879188537598, -0.20238998532295227, 0.25110286474227905, 0.9537805914878845, False, 0.7364731431007385, 1.2970227003097534, 0.4513964354991913, 0.00688214460387826, 0.27950164675712585, False, 0.5788928270339966, 1.2932003736495972, 0.15936687588691711, 0.0163519736379385, 0.20718081295490265, False, 0.7304149866104126, 1.3322172164916992, 0.48710739612579346, 0.006029397714883089, 0.16364160180091858, False, 0.582485556602478, 1.3369930982589722, 0.1868986189365387, 0.011570816859602928, 0.19298361241817474, False, 0.7017873525619507, 1.37422776222229, 0.2763395309448242, 0.006749419029802084, 0.31046953797340393, False, 0.5794728994369507, 1.3756470680236816, -0.035362884402275085, 0.01432783529162407, 0.22352349758148193, False
0.5921875, 0.42916666666666664, -0.10932707786560059, 0.999887228012085, 0.9998421669006348, True, 0.6046875, 0.4166666666666667, -0.09625666588544846, 0.9995504021644592, 0.9997430443763733, True, 0.609375, 0.4166666666666667, -0.09692274034023285, 0.9995900988578796, 0.9997909665107727, True, 0.615625, 0.41875, -0.09681566059589386, 0.9996505975723267, 0.9997405409812927, True, 0.596875, 0.4166666666666667, -0.059155017137527466, 0.9996352195739746, 0.9996987581253052, True, 0.596875, 0.4166666666666667, -0.06009490787982941, 0.9997411370277405, 0.9997879862785339, True, 0.596875, 0.41875, -0.06064745411276817, 0.9997833371162415, 0.9997779726982117, True, 0.6359375, 0.43333333333333335, -0.0053497254848480225, 0.999830961227417, 0.9998657703399658, True, 0.6109375, 0.43125, 0.16320276260375977, 0.9996139407157898, 0.9998384714126587, True, 0.6015625, 0.45, -0.06929447501897812, 0.9998946189880371, 0.9999363422393799, True, 0.59375, 0.45, -0.025566158816218376, 0.9998461008071899, 0.9998470544815063, True, 0.6921875, 0.55, 0.024655237793922424, 0.9999654293060303, 0.9999845027923584, True, 0.5625, 0.525, 0.23020412027835846, 0.9999338388442993, 0.9999275207519531, True, 0.7171875, 0.6770833333333334, 0.04173484817147255, 0.9770691990852356, 0.999940037727356, True, 0.4609375, 0.5416666666666666, 0.12128810584545135, 0.9499530792236328, 0.9999204874038696, True, 0.7390625, 0.79375, -0.16290614008903503, 0.9598231911659241, 0.9998942613601685, True, 0.3578125, 0.54375, -0.2696212828159332, 0.9691286683082581, 0.9998233914375305, True, 0.7453125, 0.825, -0.21288298070430756, 0.9330353140830994, 0.9994609951972961, True, 0.3296875, 0.5416666666666666, -0.35484421253204346, 0.9430499076843262, 0.9991827607154846, True, 0.7421875, 0.8270833333333333, -0.3008832633495331, 0.94016033411026, 0.9993744492530823, True, 0.33125, 0.53125, -0.42761287093162537, 0.9506582021713257, 0.9990795850753784, True, 0.7359375, 0.8166666666666667, -0.20165042579174042, 0.9308689832687378, 0.9996862411499023, True, 0.3421875, 0.53125, -0.3198823630809784, 0.9570725560188293, 0.9996227025985718, True, 0.653125, 0.80625, -0.005693124141544104, 0.9995684027671814, 0.9995793700218201, True, 0.5703125, 0.7979166666666667, 0.0051474738866090775, 0.9996125102043152, 0.9994968175888062, True, 0.7745804786682129, 1.0038973093032837, -0.11446225643157959, 0.2014518529176712, 0.8963156342506409, False, 0.5949786305427551, 1.0054690837860107, -0.19724220037460327, 0.3164200186729431, 0.9409151077270508, False, 0.7338132262229919, 1.3037281036376953, 0.35133254528045654, 0.01659162901341915, 0.2518388628959656, False, 0.5822823643684387, 1.2919049263000488, 0.20216161012649536, 0.022922882810235023, 0.20446862280368805, False, 0.7278419137001038, 1.3392157554626465, 0.3821943998336792, 0.013333262875676155, 0.14481666684150696, False, 0.5841202735900879, 1.331568717956543, 0.23434966802597046, 0.02002422697842121, 0.19726978242397308, False, 0.6902557015419006, 1.387658953666687, 0.14078043401241302, 0.015749847516417503, 0.2597998380661011, False, 0.5848859548568726, 1.3830140829086304, 0.007750783581286669, 0.021818382665514946, 0.2358635514974594, False
0.5875, 0.38333333333333336, -0.0443589985370636, 0.99974125623703, 0.9998233914375305, True, 0.5984375, 0.36875, -0.0072910115122795105, 0.9987484216690063, 0.9996588230133057, True, 0.6046875, 0.37083333333333335, -0.007869540713727474, 0.9986438155174255, 0.9996843338012695, True, 0.609375, 0.37083333333333335, -0.007732757832854986, 0.9988784193992615, 0.9995459914207458, True, 0.5875, 0.36875, 0.016457993537187576, 0.9992733597755432, 0.9997103810310364, True, 0.584375, 0.37083333333333335, 0.015506831929087639, 0.9994786381721497, 0.999815046787262, True, 0.5828125, 0.37083333333333335, 0.014982124790549278, 0.9996559619903564, 0.9998173117637634, True, 0.628125, 0.3875, 0.1540696769952774, 0.9989843964576721, 0.9996296167373657, True, 0.5921875, 0.38333333333333336, 0.26547759771347046, 0.9990074038505554, 0.9998409748077393, True, 0.6, 0.40208333333333335, 0.017729731276631355, 0.99957674741745, 0.999882698059082, True, 0.5859375, 0.4041666666666667, 0.04469119384884834, 0.999572217464447, 0.999795138835907, True, 0.68125, 0.5166666666666667, 0.22233106195926666, 0.9999014139175415, 0.9999381303787231, True, 0.5453125, 0.47708333333333336, 0.308563232421875, 0.9999468326568604, 0.9999321699142456, True, 0.7046875, 0.6479166666666667, 0.21566560864448547, 0.9042388200759888, 0.999840259552002, True, 0.4484375, 0.54375, 0.26622042059898376, 0.9440892934799194, 0.9999406337738037, True, 0.7359375, 0.7854166666666667, -0.07369927316904068, 0.8199023604393005, 0.9994617104530334, True, 0.334375, 0.5791666666666667, -0.09827380627393723, 0.9743143916130066, 0.999923825263977, True, 0.7421875, 0.8208333333333333, -0.1278204321861267, 0.7168068885803223, 0.997192919254303, True, 0.303125, 0.5875, -0.17888180911540985, 0.9417415261268616, 0.9995483756065369, True, 0.74375, 0.8208333333333333, -0.2221366912126541, 0.7482654452323914, 0.9969726800918579, True, 0.3, 0.58125, -0.27284350991249084, 0.9502752423286438, 0.9994856119155884, True, 0.7375, 0.8125, -0.11844426393508911, 0.7433276176452637, 0.9985277652740479, True, 0.3125, 0.5791666666666667, -0.15416733920574188, 0.9505646824836731, 0.9998064637184143, True, 0.6359375, 0.7645833333333333, 0.0361408069729805, 0.9993670582771301, 0.9994387030601501, True, 0.55, 0.7479166666666667, -0.03674853965640068, 0.9996083378791809, 0.9995208978652954, True, 0.6359375, 0.975, -0.04948583245277405, 0.07716608792543411, 0.8951082229614258, True, 0.55625, 0.9666666666666667, -0.2572954297065735, 0.18498210608959198, 0.964378297328949, True, 0.7224140763282776, 1.2605730295181274, 0.35664936900138855, 0.006510651204735041, 0.34410005807876587, False, 0.5713532567024231, 1.250406265258789, 0.08688749372959137, 0.011255869641900063, 0.24913081526756287, False, 0.7043227553367615, 1.2958035469055176, 0.3808543086051941, 0.006568445358425379, 0.21520623564720154, False, 0.5672873854637146, 1.2898035049438477, 0.11164048314094543, 0.007311639375984669, 0.24154984951019287, False, 0.7321079969406128, 1.3363704681396484, 0.13985387980937958, 0.006454557180404663, 0.33553972840309143, False, 0.593402624130249, 1.3314824104309082, -0.14247146248817444, 0.009001582860946655, 0.28151950240135193, False
0.575, 0.44166666666666665, -0.2888491153717041, 0.9997314810752869, 0.9997034668922424, True, 0.5875, 0.42916666666666664, -0.26961490511894226, 0.9990200996398926, 0.9995566010475159, True, 0.5921875, 0.42916666666666664, -0.27033528685569763, 0.9990731477737427, 0.9996117949485779, True, 0.596875, 0.42916666666666664, -0.27020272612571716, 0.999180257320404, 0.9994840621948242, True, 0.578125, 0.42916666666666664, -0.24204961955547333, 0.9992602467536926, 0.9995529055595398, True, 0.5765625, 0.42916666666666664, -0.24312253296375275, 0.9994937181472778, 0.9996998310089111, True, 0.5765625, 0.42916666666666664, -0.24377329647541046, 0.9996115565299988, 0.9997015595436096, True, 0.615625, 0.44166666666666665, -0.14178581535816193, 0.9994121789932251, 0.99956876039505, True, 0.5875, 0.44166666666666665, -0.013791533187031746, 0.9990744590759277, 0.9997028708457947, True, 0.584375, 0.4625, -0.23405097424983978, 0.9996825456619263, 0.9998422861099243, True, 0.5734375, 0.46041666666666664, -0.20244093239307404, 0.9996261596679688, 0.9996906518936157, True, 0.6703125, 0.5583333333333333, -0.048657458275556564, 0.9999171495437622, 0.9999523162841797, True, 0.5390625, 0.53125, 0.06665361672639847, 0.9999198913574219, 0.9999039173126221, True, 0.7, 0.6791666666666667, -0.008327172137796879, 0.9651294350624084, 0.9997636675834656, True, 0.4453125, 0.5604166666666667, 0.026872294023633003, 0.9817179441452026, 0.9998615980148315, True, 0.7296875, 0.7875, -0.24887485802173615, 0.9423368573188782, 0.999575674533844, True, 0.3453125, 0.5708333333333333, -0.3285476565361023, 0.9874647855758667, 0.999710738658905, True, 0.7390625, 0.81875, -0.2937036156654358, 0.8946802616119385, 0.9980605244636536, True, 0.31875, 0.56875, -0.41185706853866577, 0.9679983854293823, 0.9984306693077087, True, 0.7375, 0.8229166666666666, -0.3959079086780548, 0.9097411036491394, 0.9978030323982239, True, 0.3171875, 0.5625, -0.498908668756485, 0.9732349514961243, 0.9981552958488464, True, 0.7296875, 0.8145833333333333, -0.2942483127117157, 0.904394805431366, 0.9988422989845276, True, 0.3265625, 0.5666666666666667, -0.38279494643211365, 0.973914623260498, 0.9992502331733704, True, 0.63125, 0.8083333333333333, 0.013783426024019718, 0.9982894062995911, 0.9973168969154358, True, 0.55, 0.8020833333333334, -0.014416353777050972, 0.9987573623657227, 0.9975347518920898, True, 0.6328125, 0.99375, -0.05797402560710907, 0.15844719111919403, 0.7274043560028076, True, 0.5803025960922241, 1.0023090839385986, -0.1096000224351883, 0.2947694659233093, 0.8419344425201416, False, 0.7333109974861145, 1.3359949588775635, 0.3473314344882965, 0.02623767778277397, 0.18688473105430603, False, 0.5720055103302002, 1.316135048866272, 0.3401447534561157, 0.03197573870420456, 0.15340793132781982, False, 0.7252642512321472, 1.3718738555908203, 0.37036630511283875, 0.015968888998031616, 0.10988625884056091, False, 0.5736901164054871, 1.3543148040771484, 0.3752360939979553, 0.019184323027729988, 0.17464321851730347, False, 0.7057725787162781, 1.4293429851531982, 0.10712409019470215, 0.02123042196035385, 0.1645805537700653, False, 0.5840206146240234, 1.4207062721252441, 0.1434377282857895, 0.02445168048143387, 0.18634384870529175, False
0.575, 0.43125, -0.11186663806438446, 0.9996154308319092, 0.9996127486228943, True, 0.5875, 0.41875, -0.09532895684242249, 0.9984127283096313, 0.9993589520454407, True, 0.5921875, 0.41875, -0.09601755440235138, 0.9984867572784424, 0.9994282126426697, True, 0.596875, 0.41875, -0.09591231495141983, 0.9986202716827393, 0.99921715259552, True, 0.58125, 0.42083333333333334, -0.0725952535867691, 0.9989746809005737, 0.9994372725486755, True, 0.5796875, 0.42083333333333334, -0.07368089258670807, 0.9993531107902527, 0.9996469020843506, True, 0.5796875, 0.42083333333333334, -0.0743463784456253, 0.999523401260376, 0.9996650218963623, True, 0.6171875, 0.43125, 0.001650586724281311, 0.9991528987884521, 0.9994316697120667, True, 0.590625, 0.4354166666666667, 0.10680859535932541, 0.998985230922699, 0.9997239708900452, True, 0.5859375, 0.45208333333333334, -0.06948588043451309, 0.9995399713516235, 0.9997963309288025, True, 0.578125, 0.45208333333333334, -0.04426140710711479, 0.9994955062866211, 0.9996466636657715, True, 0.6734375, 0.5520833333333334, 0.07373616844415665, 0.9998922348022461, 0.9999381303787231, True, 0.54375, 0.5270833333333333, 0.12762323021888733, 0.9999288320541382, 0.999923586845398, True, 0.7, 0.675, 0.1557307094335556, 0.920473575592041, 0.9997726082801819, True, 0.446875, 0.5791666666666667, 0.043572328984737396, 0.9730184674263, 0.9999071359634399, True, 0.73125, 0.7958333333333333, -0.003962344024330378, 0.8144468665122986, 0.9993593096733093, True, 0.35, 0.6041666666666666, -0.31954044103622437, 0.9801628589630127, 0.9998252987861633, True, 0.7390625, 0.8270833333333333, -0.028679553419351578, 0.7273036241531372, 0.9971539974212646, True, 0.321875, 0.6083333333333333, -0.4025089144706726, 0.9545700550079346, 0.9990811347961426, True, 0.7375, 0.8291666666666667, -0.13097237050533295, 0.7561366558074951, 0.9966039657592773, True, 0.321875, 0.6020833333333333, -0.48139262199401855, 0.9609434604644775, 0.9989068508148193, True, 0.73125, 0.8208333333333333, -0.04755881428718567, 0.7594824433326721, 0.9981749057769775, True, 0.33125, 0.6041666666666666, -0.3700104057788849, 0.9616222977638245, 0.9995550513267517, True, 0.6359375, 0.80625, 0.036310359835624695, 0.9990018010139465, 0.9985244870185852, True, 0.55625, 0.7958333333333333, -0.03692255914211273, 0.9992926120758057, 0.9988073110580444, True, 0.7569019794464111, 1.012108564376831, -0.034504372626543045, 0.19398461282253265, 0.7956194877624512, False, 0.5903821587562561, 1.0001709461212158, -0.07383107393980026, 0.2843349874019623, 0.8977785110473633, False, 0.7212546467781067, 1.3449978828430176, 0.31217682361602783, 0.025610426440835, 0.19922387599945068, False, 0.5815277695655823, 1.3182239532470703, 0.32473284006118774, 0.027674106881022453, 0.15271522104740143, False, 0.7078008055686951, 1.3829104900360107, 0.3297281861305237, 0.016914959996938705, 0.1106218621134758, False, 0.5803920030593872, 1.357729434967041, 0.3547573685646057, 0.016085831448435783, 0.16160768270492554, False, 0.6997721195220947, 1.4334383010864258, 0.07782506942749023, 0.020536884665489197, 0.15952561795711517, False, 0.5983492136001587, 1.4194154739379883, 0.1293950378894806, 0.020352452993392944, 0.18267424404621124, False
0.65625, 0.45416666666666666, -0.7741953134536743, 0.9999431371688843, 0.9998940229415894, True, 0.6546875, 0.4395833333333333, -0.7238667011260986, 0.9997274279594421, 0.9997757077217102, True, 0.6578125, 0.4395833333333333, -0.7247852683067322, 0.9997424483299255, 0.9998185038566589, True, 0.6609375, 0.44166666666666665, -0.7248643636703491, 0.999768078327179, 0.999765932559967, True, 0.6453125, 0.4375, -0.7435247302055359, 0.9998243451118469, 0.9996960163116455, True, 0.6390625, 0.4354166666666667, -0.7444087266921997, 0.9998613595962524, 0.9997630715370178, True, 0.6328125, 0.43333333333333335, -0.7449437975883484, 0.9998712539672852, 0.9997145533561707, True, 0.65, 0.45, -0.41666853427886963, 0.9998399019241333, 0.9998489618301392, True, 0.6140625, 0.4354166666666667, -0.5016271471977234, 0.9996587038040161, 0.9996119141578674, True, 0.6515625, 0.47291666666666665, -0.6494946479797363, 0.9999104738235474, 0.9999172687530518, True, 0.640625, 0.46875, -0.6798688769340515, 0.9999061822891235, 0.9998093247413635, True, 0.6796875, 0.5520833333333334, -0.2778037190437317, 0.9999760389328003, 0.9999840259552002, True, 0.553125, 0.5270833333333333, -0.2628351151943207, 0.9999133348464966, 0.9998517036437988, True, 0.7046875, 0.6729166666666667, -0.2798110246658325, 0.9840716123580933, 0.9999043941497803, True, 0.4625, 0.5979166666666667, -0.2683802843093872, 0.9887601137161255, 0.9997785687446594, True, 0.73125, 0.7916666666666666, -0.6945264339447021, 0.9725856781005859, 0.9997822642326355, True, 0.3640625, 0.6354166666666666, -0.5773963928222656, 0.9890235662460327, 0.9995417594909668, True, 0.7390625, 0.825, -0.7801895141601562, 0.9383665919303894, 0.9989713430404663, True, 0.334375, 0.6416666666666667, -0.6559832692146301, 0.9730149507522583, 0.9975009560585022, True, 0.734375, 0.8270833333333333, -0.8815702795982361, 0.9482343196868896, 0.9987086057662964, True, 0.3328125, 0.6375, -0.7676944136619568, 0.9780555963516235, 0.9971573352813721, True, 0.7265625, 0.8166666666666667, -0.7451308965682983, 0.941821277141571, 0.999352753162384, True, 0.34375, 0.6375, -0.6358640789985657, 0.9765324592590332, 0.9988957643508911, True, 0.65, 0.8041666666666667, 0.012060885317623615, 0.9984846711158752, 0.9977120161056519, True, 0.5671875, 0.7979166666666667, -0.012861455790698528, 0.9985647797584534, 0.9965519905090332, True, 0.6421875, 0.9958333333333333, -0.088934026658535, 0.32605716586112976, 0.8347071409225464, True, 0.5625, 0.9958333333333333, -0.0963921770453453, 0.2564696669578552, 0.8151510953903198, True, 0.7225695848464966, 1.3016760349273682, 0.3288756310939789, 0.036053307354450226, 0.21252740919589996, False, 0.566382884979248, 1.2984564304351807, 0.3708457350730896, 0.037350453436374664, 0.13466709852218628, False, 0.718252956867218, 1.3366003036499023, 0.35346436500549316, 0.021823476999998093, 0.10921581089496613, False, 0.5638223886489868, 1.3380553722381592, 0.40457016229629517, 0.01940455287694931, 0.13836020231246948, False, 0.6940804123878479, 1.391966700553894, 0.08532680571079254, 0.0342826247215271, 0.17149709165096283, False, 0.5793299078941345, 1.398890733718872, 0.1423853486776352, 0.025961879640817642, 0.1341242790222168, False
0.6359375, 0.21458333333333332, 0.49646273255348206, 0.9999798536300659, 0.9999961853027344, True, 0.6453125, 0.2, 0.5792966485023499, 0.9999315738677979, 0.9999933242797852, True, 0.6546875, 0.20208333333333334, 0.5787773132324219, 0.999924898147583, 0.9999934434890747, True, 0.6609375, 0.20416666666666666, 0.5789552330970764, 0.9999326467514038, 0.9999904632568359, True, 0.6265625, 0.2, 0.577894926071167, 0.9999629259109497, 0.9999926090240479, True, 0.621875, 0.20208333333333334, 0.5770397782325745, 0.9999667406082153, 0.9999936819076538, True, 0.615625, 0.20416666666666666, 0.5768074989318848, 0.9999715089797974, 0.9999922513961792, True, 0.66875, 0.22291666666666668, 0.8481534123420715, 0.9999434947967529, 0.9999935626983643, True, 0.6046875, 0.22083333333333333, 0.8458424806594849, 0.9999217987060547, 0.9999909400939941, True, 0.6484375, 0.24166666666666667, 0.5910972356796265, 0.9999582767486572, 0.9999927282333374, True, 0.6265625, 0.24166666666666667, 0.5848756432533264, 0.9999535083770752, 0.9999841451644897, True, 0.7234375, 0.3541666666666667, 0.8071728348731995, 0.9999678134918213, 0.9999803304672241, True, 0.5515625, 0.3625, 0.8379326462745667, 0.9999630451202393, 0.9999504089355469, True, 0.7671875, 0.4979166666666667, 0.7105441093444824, 0.6356808543205261, 0.9998244643211365, True, 0.421875, 0.4354166666666667, 0.8096745014190674, 0.8988735675811768, 0.9998563528060913, True, 0.81875, 0.6375, 0.29567664861679077, 0.8189443349838257, 0.9997994303703308, True, 0.296875, 0.49583333333333335, 0.5244463086128235, 0.9636828899383545, 0.9998537302017212, True, 0.8296875, 0.66875, 0.22859324514865875, 0.8088437914848328, 0.9990168809890747, True, 0.259375, 0.50625, 0.4592477083206177, 0.9387937784194946, 0.9992751479148865, True, 0.8296875, 0.6645833333333333, 0.15567123889923096, 0.8374012112617493, 0.9991169571876526, True, 0.2546875, 0.5020833333333333, 0.38943395018577576, 0.9466190934181213, 0.9992625117301941, True, 0.8203125, 0.6541666666666667, 0.25552910566329956, 0.8211724758148193, 0.9995864033699036, True, 0.26875, 0.5041666666666667, 0.4806572198867798, 0.9426372647285461, 0.9997155070304871, True, 0.696875, 0.6958333333333333, 0.011253724806010723, 0.9988911747932434, 0.9986553192138672, True, 0.578125, 0.69375, -0.012061730027198792, 0.999264657497406, 0.9988561868667603, True, 0.7457678318023682, 1.009615182876587, -0.18008166551589966, 0.2982785701751709, 0.8064632415771484, False, 0.5453125, 0.9854166666666667, -0.3076039254665375, 0.4169982671737671, 0.8597127199172974, True, 0.708124577999115, 1.3197386264801025, 0.14854702353477478, 0.015610245056450367, 0.13825182616710663, False, 0.50905442237854, 1.2910962104797363, 0.010119463317096233, 0.02578352950513363, 0.09234580397605896, False, 0.700265109539032, 1.3506948947906494, 0.17091219127178192, 0.017131423577666283, 0.07056047022342682, False, 0.5115299820899963, 1.3280010223388672, 0.03578854724764824, 0.01932624727487564, 0.09182726591825485, False, 0.6721271872520447, 1.4236888885498047, -0.08347536623477936, 0.013222996145486832, 0.09788262099027634, False, 0.5055378675460815, 1.3973078727722168, -0.21635738015174866, 0.013375992886722088, 0.0750088095664978, False
0.69375, 0.2520833333333333, 0.3538007438182831, 0.9999206066131592, 0.9999814033508301, True, 0.6953125, 0.23541666666666666, 0.43282461166381836, 0.9996858835220337, 0.9999676942825317, True, 0.7, 0.23541666666666666, 0.4322616457939148, 0.9996697902679443, 0.9999681711196899, True, 0.703125, 0.2375, 0.43233317136764526, 0.9997033476829529, 0.9999567270278931, True, 0.6828125, 0.22916666666666666, 0.39546114206314087, 0.9998438358306885, 0.9999641180038452, True, 0.6765625, 0.225, 0.39466288685798645, 0.9998725652694702, 0.9999699592590332, True, 0.66875, 0.22083333333333333, 0.3943920135498047, 0.999891996383667, 0.9999631643295288, True, 0.6828125, 0.24166666666666667, 0.7302449345588684, 0.9997738003730774, 0.999974250793457, True, 0.6375, 0.22083333333333333, 0.5612726211547852, 0.9997594952583313, 0.9999558925628662, True, 0.6859375, 0.27708333333333335, 0.4672824740409851, 0.9998020529747009, 0.9999606609344482, True, 0.671875, 0.2708333333333333, 0.41275036334991455, 0.999841570854187, 0.9999301433563232, True, 0.721875, 0.35833333333333334, 0.7711805105209351, 0.9999536275863647, 0.9999722242355347, True, 0.5484375, 0.3541666666666667, 0.5928488969802856, 0.9999343156814575, 0.9998987913131714, True, 0.7625, 0.49583333333333335, 0.8536370992660522, 0.4649161100387573, 0.9998962879180908, True, 0.434375, 0.44583333333333336, 0.6398824453353882, 0.8474587798118591, 0.999782383441925, True, 0.8140625, 0.63125, 0.5889808535575867, 0.8006941080093384, 0.9999228715896606, True, 0.309375, 0.5208333333333334, 0.5220422744750977, 0.9585539102554321, 0.9999171495437622, True, 0.83125, 0.6479166666666667, 0.5602705478668213, 0.7752735018730164, 0.9996055960655212, True, 0.2703125, 0.5395833333333333, 0.4828914403915405, 0.9315618276596069, 0.9995974898338318, True, 0.8328125, 0.64375, 0.4791189432144165, 0.8110016584396362, 0.9995689988136292, True, 0.265625, 0.5375, 0.4125019311904907, 0.9415269494056702, 0.9995778203010559, True, 0.8234375, 0.6416666666666667, 0.5489620566368103, 0.792077362537384, 0.9998040795326233, True, 0.2796875, 0.5375, 0.4854554831981659, 0.9300593733787537, 0.9998376369476318, True, 0.690625, 0.7041666666666667, 0.07227498292922974, 0.9976638555526733, 0.9977561831474304, True, 0.5703125, 0.7, -0.072867251932621, 0.9978907704353333, 0.9971278309822083, True, 0.745634138584137, 1.0026309490203857, -0.026655783876776695, 0.12383022159337997, 0.7809556722640991, False, 0.5390625, 0.9875, -0.3185044825077057, 0.14601705968379974, 0.7787021398544312, True, 0.7154218554496765, 1.3244091272354126, 0.28063827753067017, 0.006535161752253771, 0.15640461444854736, False, 0.49868297576904297, 1.2980422973632812, 0.0491509772837162, 0.007339070551097393, 0.10671515762805939, False, 0.7055987119674683, 1.356146216392517, 0.30165982246398926, 0.006599270738661289, 0.08721526712179184, False, 0.49858081340789795, 1.3333323001861572, 0.08072163909673691, 0.004925617948174477, 0.12046691030263901, False, 0.6847086548805237, 1.429884433746338, 0.09065776318311691, 0.005746044218540192, 0.13690094649791718, False, 0.5038321614265442, 1.4052014350891113, -0.13520817458629608, 0.003928213845938444, 0.1066189631819725, False
0.5703125, 0.23333333333333334, 0.42112380266189575, 0.999944806098938, 0.9999910593032837, True, 0.5796875, 0.20833333333333334, 0.4513724744319916, 0.9998273849487305, 0.9999853372573853, True, 0.5859375, 0.20625, 0.4508412182331085, 0.9998226761817932, 0.9999861717224121, True, 0.59375, 0.20416666666666666, 0.45105695724487305, 0.9998468160629272, 0.9999809265136719, True, 0.5734375, 0.2125, 0.4810039699077606, 0.9998807907104492, 0.999984860420227, True, 0.575, 0.2125, 0.47998616099357605, 0.9999077320098877, 0.9999885559082031, True, 0.575, 0.2125, 0.4795262813568115, 0.9999254941940308, 0.9999874830245972, True, 0.625, 0.21041666666666667, 0.563565731048584, 0.9998879432678223, 0.9999872446060181, True, 0.596875, 0.21875, 0.703402578830719, 0.9998179078102112, 0.9999881982803345, True, 0.5875, 0.25416666666666665, 0.46531614661216736, 0.9999251365661621, 0.9999892711639404, True, 0.5796875, 0.25625, 0.5007386803627014, 0.9998892545700073, 0.9999738931655884, True, 0.7234375, 0.35, 0.554340660572052, 0.9999663829803467, 0.9999876022338867, True, 0.54375, 0.35208333333333336, 0.6935012936592102, 0.9999650716781616, 0.9999727010726929, True, 0.7671875, 0.4979166666666667, 0.5441182255744934, 0.7676827907562256, 0.9999231100082397, True, 0.41875, 0.39375, 0.6296505331993103, 0.9107329249382019, 0.9999573230743408, True, 0.8171875, 0.6333333333333333, 0.29248592257499695, 0.8841670155525208, 0.9999229907989502, True, 0.290625, 0.425, 0.27792099118232727, 0.971674382686615, 0.9999494552612305, True, 0.8328125, 0.6625, 0.25125372409820557, 0.867607593536377, 0.9996086955070496, True, 0.2515625, 0.43333333333333335, 0.2095426619052887, 0.9515044689178467, 0.9997339844703674, True, 0.8359375, 0.6604166666666667, 0.17148439586162567, 0.8876820802688599, 0.9996185302734375, True, 0.25, 0.42916666666666664, 0.14329375326633453, 0.9576485753059387, 0.9997096657752991, True, 0.825, 0.6520833333333333, 0.2557321786880493, 0.8704561591148376, 0.9998106360435486, True, 0.2640625, 0.43125, 0.23306432366371155, 0.9558055400848389, 0.9998844861984253, True, 0.6890625, 0.7, -0.011811580508947372, 0.9987609386444092, 0.9989534616470337, True, 0.571875, 0.69375, 0.011007892899215221, 0.9991125464439392, 0.9991216063499451, True, 0.7425496578216553, 1.0012199878692627, -0.17316831648349762, 0.10435543209314346, 0.7745028734207153, False, 0.540625, 0.9854166666666667, -0.09346263855695724, 0.18101443350315094, 0.8287932276725769, True, 0.7163242101669312, 1.3282802104949951, -0.026796838268637657, 0.006477526854723692, 0.10628695785999298, False, 0.5097177028656006, 1.3098219633102417, 0.16002114117145538, 0.007505268789827824, 0.06633143872022629, False, 0.7111946940422058, 1.361193299293518, -0.024780748412013054, 0.006288290023803711, 0.055643413215875626, False, 0.5152227282524109, 1.3482091426849365, 0.17976899445056915, 0.007479880005121231, 0.07748211175203323, False, 0.6708468198776245, 1.4325518608093262, -0.2665840685367584, 0.006688576191663742, 0.08514513075351715, False, 0.5080133676528931, 1.42399263381958, -0.012579986825585365, 0.006029211916029453, 0.08684497326612473, False
0.859375, 0.13125, -0.3018427789211273, 0.9845733046531677, 0.9944149255752563, True, 0.8640625, 0.10625, -0.27036190032958984, 0.9571114182472229, 0.9932264685630798, True, 0.8703125, 0.10208333333333333, -0.27142778038978577, 0.9504024982452393, 0.993273138999939, True, 0.8765625, 0.09791666666666667, -0.2712784707546234, 0.9549370408058167, 0.9897295236587524, True, 0.85625, 0.1125, -0.23249031603336334, 0.9800015091896057, 0.9942622184753418, True, 0.85625, 0.1125, -0.2340259850025177, 0.9848885536193848, 0.9960783123970032, True, 0.8546875, 0.11458333333333333, -0.23516856133937836, 0.9914446473121643, 0.9960808157920837, True, 0.9015625, 0.09791666666666667, -0.06644078344106674, 0.9618658423423767, 0.9878057241439819, True, 0.86875, 0.11666666666666667, 0.11373154073953629, 0.9811850190162659, 0.9952867031097412, True, 0.8828125, 0.14583333333333334, -0.213908389210701, 0.9680987000465393, 0.9919232726097107, True, 0.86875, 0.15416666666666667, -0.17010006308555603, 0.9788549542427063, 0.9887667298316956, True, 0.96875, 0.18541666666666667, 0.014082962647080421, 0.9980962872505188, 0.9942097663879395, True, 0.8421875, 0.26875, 0.2786124348640442, 0.999255359172821, 0.9974591135978699, True, 0.9640625, 0.04583333333333333, 0.28206685185432434, 0.8040374517440796, 0.9967554211616516, True, 0.715625, 0.375, 0.2989276647567749, 0.49716928601264954, 0.9979937076568604, True, 0.909375, 0.04791666666666667, 0.6820219159126282, 0.11671656370162964, 0.9905626773834229, True, 0.578125, 0.45416666666666666, -0.15145473182201385, 0.6944877505302429, 0.9993292093276978, True, 0.89375, 0.058333333333333334, 0.702810525894165, 0.08301427215337753, 0.9707315564155579, True, 0.54375, 0.46458333333333335, -0.2462289035320282, 0.5982504487037659, 0.9978930354118347, True, 0.8984375, 0.058333333333333334, 0.6373452544212341, 0.0933750718832016, 0.9668229222297668, True, 0.5375, 0.45208333333333334, -0.34870004653930664, 0.6401609182357788, 0.9972919821739197, True, 0.90625, 0.07291666666666667, 0.6630615592002869, 0.10865180939435959, 0.9806235432624817, True, 0.5484375, 0.45208333333333334, -0.214877650141716, 0.6297702789306641, 0.998727023601532, True, 0.9609375, 0.60625, -0.078657366335392, 0.993708610534668, 0.9903953671455383, True, 0.8984375, 0.6229166666666667, 0.0775228887796402, 0.9956894516944885, 0.9943035840988159, True, 0.9796875, 0.9416666666666667, -0.09488653391599655, 0.11541223526000977, 0.7835478782653809, True, 0.9453125, 0.9041666666666667, 0.18587903678417206, 0.03609887883067131, 0.8983184099197388, True, 1.02315354347229, 1.1020433902740479, 0.708175778388977, 0.011566078290343285, 0.4156816303730011, False, 0.9502044320106506, 1.0553553104400635, 0.9859566688537598, 0.0051922122947871685, 0.43130189180374146, False, 1.0434010028839111, 1.1048957109451294, 0.7879124283790588, 0.016046762466430664, 0.34153318405151367, False, 0.9640122652053833, 1.0736546516418457, 1.0721875429153442, 0.011024920269846916, 0.5468491911888123, False, 0.9408186674118042, 1.1933238506317139, 0.6853026747703552, 0.007845986634492874, 0.44915494322776794, False, 0.9458556771278381, 1.1217645406723022, 1.0035459995269775, 0.0045687067322432995, 0.5833277106285095, False
0.8546875, 0.12708333333333333, -0.13043300807476044, 0.9912797808647156, 0.9983028173446655, True, 0.8625, 0.1, -0.12091505527496338, 0.9691745638847351, 0.9973735809326172, True, 0.86875, 0.09583333333333334, -0.12180762737989426, 0.9625930786132812, 0.9971137046813965, True, 0.8765625, 0.09375, -0.12165633589029312, 0.963654100894928, 0.9953175783157349, True, 0.8546875, 0.10625, -0.0635031908750534, 0.9893515706062317, 0.9984109401702881, True, 0.853125, 0.10625, -0.06506224721670151, 0.9930500984191895, 0.9990547299385071, True, 0.853125, 0.10625, -0.06608018279075623, 0.9963968396186829, 0.999160885810852, True, 0.9046875, 0.09166666666666666, -0.012703711166977882, 0.9678597450256348, 0.9941154718399048, True, 0.86875, 0.10833333333333334, 0.2536829113960266, 0.9926665425300598, 0.9992780089378357, True, 0.875, 0.14375, -0.07636497169733047, 0.9730615615844727, 0.995633065700531, True, 0.8625, 0.14791666666666667, -0.007274584379047155, 0.9868851900100708, 0.9961685538291931, True, 0.9765625, 0.18125, -0.005096893757581711, 0.9973196387290955, 0.9939498901367188, True, 0.8359375, 0.2604166666666667, 0.4189368486404419, 0.999727189540863, 0.9994617104530334, True, 0.975, 0.06041666666666667, 0.1540200263261795, 0.6652235388755798, 0.9972279667854309, True, 0.7203125, 0.3729166666666667, 0.4567491114139557, 0.7171892523765564, 0.9997268319129944, True, 0.9421875, 0.05625, 0.4962422549724579, 0.07850558310747147, 0.9905988574028015, True, 0.59375, 0.46458333333333335, 0.004893092904239893, 0.9144101142883301, 0.9999498128890991, True, 0.925, 0.06875, 0.5050705671310425, 0.058051012456417084, 0.9715065360069275, True, 0.5609375, 0.48125, -0.07256206125020981, 0.8614581227302551, 0.9997996687889099, True, 0.934375, 0.058333333333333334, 0.4475058615207672, 0.06520898640155792, 0.9663401246070862, True, 0.55625, 0.4791666666666667, -0.18965741991996765, 0.8836302757263184, 0.9997337460517883, True, 0.9375, 0.05625, 0.477987676858902, 0.07538709044456482, 0.9799079895019531, True, 0.5671875, 0.47708333333333336, -0.06409966200590134, 0.8704530000686646, 0.9998791217803955, True, 0.9609375, 0.5958333333333333, -0.14237992465496063, 0.9965887069702148, 0.9961434006690979, True, 0.8921875, 0.6083333333333333, 0.14134569466114044, 0.9982993006706238, 0.9986771941184998, True, 0.9765625, 0.9145833333333333, -0.2678960859775543, 0.059177737683057785, 0.8969391584396362, True, 0.940625, 0.8854166666666666, 0.240254744887352, 0.01794336549937725, 0.9789111614227295, True, 1.0276808738708496, 1.158273458480835, 0.16393861174583435, 0.012427430599927902, 0.656916081905365, False, 0.9819622039794922, 1.1401787996292114, 0.6771484613418579, 0.007004365790635347, 0.759663462638855, False, 1.043150782585144, 1.1606451272964478, 0.19214636087417603, 0.01402269210666418, 0.5353851318359375, False, 1.006588339805603, 1.1758395433425903, 0.7125566005706787, 0.012179793789982796, 0.7859227061271667, False, 0.9809132814407349, 1.2626011371612549, -0.0734340250492096, 0.012143108993768692, 0.6695799827575684, False, 0.9568471908569336, 1.2121723890304565, 0.484575092792511, 0.008660312741994858, 0.814077615737915, False
0.3, 0.3333333333333333, 0.6053139567375183, 0.9999475479125977, 0.9999918937683105, True, 0.3125, 0.3145833333333333, 0.6234063506126404, 0.9998807907104492, 0.9999890327453613, True, 0.31875, 0.3145833333333333, 0.6228084564208984, 0.9998819828033447, 0.9999911785125732, True, 0.325, 0.3145833333333333, 0.622974693775177, 0.9999098777770996, 0.9999892711639404, True, 0.3046875, 0.31666666666666665, 0.6942007541656494, 0.999885082244873, 0.999983549118042, True, 0.3046875, 0.31666666666666665, 0.6932779550552368, 0.9998900890350342, 0.9999853372573853, True, 0.3046875, 0.31666666666666665, 0.6930259466171265, 0.9999083280563354, 0.9999823570251465, True, 0.3515625, 0.32916666666666666, 0.6664959788322449, 0.9999279975891113, 0.9999938011169434, True, 0.3203125, 0.32916666666666666, 0.9981469511985779, 0.9997387528419495, 0.9999808073043823, True, 0.315625, 0.35625, 0.6210347414016724, 0.9999574422836304, 0.9999947547912598, True, 0.3046875, 0.35625, 0.7101703882217407, 0.9999071359634399, 0.9999808073043823, True, 0.4109375, 0.4375, 0.40507110953330994, 0.9999868869781494, 0.9999932050704956, True, 0.2703125, 0.45208333333333334, 1.044435739517212, 0.9999524354934692, 0.9999314546585083, True, 0.41875, 0.5770833333333333, -0.1146986186504364, 0.8133634924888611, 0.999774158000946, True, 0.159375, 0.4583333333333333, 0.8405786156654358, 0.6874358654022217, 0.9998005032539368, True, 0.41875, 0.7083333333333334, -0.8262206315994263, 0.8143032789230347, 0.9997588992118835, True, 0.0484375, 0.45625, 0.30670639872550964, 0.7932224273681641, 0.9997045397758484, True, 0.4234375, 0.7479166666666667, -0.9874923825263977, 0.8222135901451111, 0.9988823533058167, True, 0.01875, 0.44375, 0.21924936771392822, 0.7656945586204529, 0.9987137317657471, True, 0.4125, 0.74375, -1.026742935180664, 0.8351190686225891, 0.9990968704223633, True, 0.0140625, 0.44375, 0.13260920345783234, 0.7824124693870544, 0.9988548755645752, True, 0.403125, 0.7333333333333333, -0.8578506708145142, 0.7761194705963135, 0.9995416402816772, True, 0.025, 0.45, 0.2439296841621399, 0.7855085730552673, 0.999529242515564, True, 0.321875, 0.7416666666666667, -0.15617677569389343, 0.9996544122695923, 0.9997914433479309, True, 0.2296875, 0.7291666666666666, 0.1550261378288269, 0.9996272325515747, 0.9996346235275269, True, 0.2953125, 0.9395833333333333, -0.8786983489990234, 0.4194604456424713, 0.9865569472312927, True, 0.1875, 0.96875, -0.19037365913391113, 0.28947773575782776, 0.9690782427787781, True, 0.6069512963294983, 1.246861219406128, -0.8491411805152893, 0.04825960844755173, 0.5652216076850891, False, 0.3748643398284912, 1.2523585557937622, 0.046642452478408813, 0.02243722602725029, 0.34331661462783813, False, 0.6086729168891907, 1.2939106225967407, -0.8631484508514404, 0.04050794988870621, 0.30713221430778503, False, 0.38885557651519775, 1.2934155464172363, 0.06117621064186096, 0.029024306684732437, 0.3230462968349457, False, 0.5346081256866455, 1.3344500064849854, -1.233568549156189, 0.05731967091560364, 0.28128403425216675, False, 0.3359968066215515, 1.3588327169418335, -0.20389477908611298, 0.022105958312749863, 0.24432694911956787, False
0.3015625, 0.31875, 0.5087824463844299, 0.9999418258666992, 0.9999896287918091, True, 0.3140625, 0.30625, 0.5352113842964172, 0.9998676776885986, 0.9999847412109375, True, 0.3203125, 0.30625, 0.5345771908760071, 0.9998589754104614, 0.9999879598617554, True, 0.328125, 0.30625, 0.5347406268119812, 0.99989914894104, 0.9999852180480957, True, 0.30625, 0.30833333333333335, 0.5961517095565796, 0.999873161315918, 0.9999756813049316, True, 0.30625, 0.3104166666666667, 0.5952252149581909, 0.9998642206192017, 0.9999779462814331, True, 0.30625, 0.3104166666666667, 0.5949642062187195, 0.9998912811279297, 0.999971866607666, True, 0.3515625, 0.325, 0.6132815480232239, 0.9999172687530518, 0.9999923706054688, True, 0.3203125, 0.325, 0.8998267650604248, 0.99968421459198, 0.9999692440032959, True, 0.315625, 0.3458333333333333, 0.5372939109802246, 0.9999418258666992, 0.9999932050704956, True, 0.30625, 0.3458333333333333, 0.6137646436691284, 0.9998685121536255, 0.999971866607666, True, 0.4078125, 0.43333333333333335, 0.3950321078300476, 0.9999860525131226, 0.9999946355819702, True, 0.265625, 0.4479166666666667, 0.9453738927841187, 0.9999324083328247, 0.999920129776001, True, 0.41875, 0.575, -0.03019792027771473, 0.7699525356292725, 0.9998756647109985, True, 0.1546875, 0.47291666666666665, 0.7701516151428223, 0.5808122754096985, 0.9998047947883606, True, 0.421875, 0.7083333333333334, -0.6550729274749756, 0.7766243815422058, 0.9998241066932678, True, 0.04375, 0.48541666666666666, 0.2978860139846802, 0.6334972381591797, 0.9995678067207336, True, 0.43125, 0.74375, -0.7949650287628174, 0.7827812433242798, 0.999051034450531, True, 0.0125, 0.48541666666666666, 0.21818797290325165, 0.5920685529708862, 0.998039186000824, True, 0.41875, 0.74375, -0.8403834700584412, 0.798993706703186, 0.9991986155509949, True, 0.009375, 0.48125, 0.12967607378959656, 0.6150304675102234, 0.9981386661529541, True, 0.409375, 0.73125, -0.687584638595581, 0.7359959483146667, 0.9996114373207092, True, 0.021875, 0.48541666666666666, 0.2364012449979782, 0.6435209512710571, 0.9992641806602478, True, 0.321875, 0.7375, -0.13501036167144775, 0.9998401403427124, 0.9999407529830933, True, 0.2296875, 0.725, 0.13395531475543976, 0.9998111128807068, 0.9998875856399536, True, 0.290625, 0.9583333333333334, -0.5752705335617065, 0.33645036816596985, 0.9924331903457642, True, 0.18125, 0.9666666666666667, -0.10657685995101929, 0.2789422869682312, 0.9830061793327332, True, 0.6241520047187805, 1.2180149555206299, -0.3669022023677826, 0.04097776114940643, 0.703535258769989, False, 0.38528764247894287, 1.2073984146118164, 0.2272341549396515, 0.024477314203977585, 0.5515806674957275, False, 0.6228926777839661, 1.254346251487732, -0.360944539308548, 0.02819196507334709, 0.45318350195884705, False, 0.40452778339385986, 1.2426565885543823, 0.2544115483760834, 0.02932354062795639, 0.5215665698051453, False, 0.5686347484588623, 1.308365821838379, -0.6708174347877502, 0.03965013846755028, 0.40223100781440735, False, 0.3386021554470062, 1.307816505432129, 0.03112669289112091, 0.020296690985560417, 0.3649996817111969, False
0.31875, 0.325, 0.1617545634508133, 0.9998875856399536, 0.9999582767486572, True, 0.3296875, 0.30833333333333335, 0.18884357810020447, 0.9997010231018066, 0.99992835521698, True, 0.3359375, 0.3104166666666667, 0.1881803423166275, 0.9996562004089355, 0.9999382495880127, True, 0.3421875, 0.3104166666666667, 0.1883838027715683, 0.9997439980506897, 0.9999173879623413, True, 0.31875, 0.30833333333333335, 0.24144132435321808, 0.9997366070747375, 0.9999058246612549, True, 0.3171875, 0.30833333333333335, 0.24045699834823608, 0.9997254014015198, 0.9999210834503174, True, 0.315625, 0.30833333333333335, 0.24002383649349213, 0.9997977614402771, 0.9999047517776489, True, 0.3625, 0.325, 0.3170941472053528, 0.9997257590293884, 0.9999459981918335, True, 0.321875, 0.32083333333333336, 0.5640628337860107, 0.999415397644043, 0.9999011754989624, True, 0.33125, 0.34791666666666665, 0.21228168904781342, 0.9998018145561218, 0.9999586343765259, True, 0.3171875, 0.34791666666666665, 0.27714622020721436, 0.9996590614318848, 0.9998745918273926, True, 0.4109375, 0.44166666666666665, 0.18033339083194733, 0.9999412298202515, 0.9999675750732422, True, 0.2640625, 0.44583333333333336, 0.6716443300247192, 0.9998781681060791, 0.9998576641082764, True, 0.4234375, 0.5895833333333333, -0.2655920088291168, 0.6393522620201111, 0.9995463490486145, True, 0.1546875, 0.4354166666666667, 0.5470901131629944, 0.6209986209869385, 0.999846339225769, True, 0.4234375, 0.7270833333333333, -0.9358266592025757, 0.44503092765808105, 0.9992401599884033, True, 0.0453125, 0.42916666666666664, 0.13233037292957306, 0.7146165370941162, 0.9997010827064514, True, 0.4265625, 0.7625, -1.0819756984710693, 0.4541819393634796, 0.9964630007743835, True, 0.0125, 0.41875, 0.04949742555618286, 0.6387303471565247, 0.9984024167060852, True, 0.4140625, 0.75625, -1.1347873210906982, 0.47488972544670105, 0.9970302581787109, True, 0.0078125, 0.41458333333333336, -0.039414867758750916, 0.6620856523513794, 0.9985383749008179, True, 0.4046875, 0.7479166666666667, -0.9730553030967712, 0.4054570496082306, 0.9984982013702393, True, 0.021875, 0.42291666666666666, 0.07231327891349792, 0.6769269704818726, 0.9994261264801025, True, 0.315625, 0.75, -0.120724618434906, 0.9997792840003967, 0.9999226331710815, True, 0.225, 0.73125, 0.11979817599058151, 0.9998131394386292, 0.999911904335022, True, 0.296875, 0.9791666666666666, -0.3701950013637543, 0.08445703983306885, 0.9838185906410217, True, 0.1796875, 0.9666666666666667, -0.1084684431552887, 0.13608048856258392, 0.9873802661895752, True, 0.6107951998710632, 1.2332254648208618, -0.15815821290016174, 0.015182766132056713, 0.6457515358924866, False, 0.3670692443847656, 1.170709252357483, 0.1786726862192154, 0.013627692125737667, 0.671002209186554, False, 0.6081138849258423, 1.2692980766296387, -0.15430399775505066, 0.010578850284218788, 0.4042830467224121, False, 0.38885554671287537, 1.2518484592437744, 0.19951491057872772, 0.01776900142431259, 0.6205874085426331, False, 0.5533470511436462, 1.3183948993682861, -0.445904403924942, 0.012974428944289684, 0.40172839164733887, False, 0.31444913148880005, 1.304732322692871, -0.022758694365620613, 0.012120797298848629, 0.45164933800697327, False
0.51875, 0.6416666666666667, -0.5984140634536743, 0.9985617995262146, 0.9958997368812561, True, 0.525, 0.6375, -0.5614393949508667, 0.9932779669761658, 0.9936248064041138, True, 0.528125, 0.6375, -0.5624549984931946, 0.9939940571784973, 0.9947439432144165, True, 0.53125, 0.6375, -0.562291145324707, 0.9946396946907043, 0.9937292337417603, True, 0.51875, 0.6375, -0.5488551259040833, 0.9943690896034241, 0.992366373538971, True, 0.515625, 0.6395833333333333, -0.5499190092086792, 0.9962480664253235, 0.9946715235710144, True, 0.5140625, 0.6416666666666667, -0.5507507920265198, 0.9967412352561951, 0.9945717453956604, True, 0.540625, 0.6479166666666667, -0.34222930669784546, 0.9961842894554138, 0.9950999617576599, True, 0.5171875, 0.65, -0.2867320775985718, 0.9928184747695923, 0.9938380122184753, True, 0.525, 0.65625, -0.5096448063850403, 0.9983100891113281, 0.9984862804412842, True, 0.5171875, 0.6583333333333333, -0.4995419681072235, 0.9976930022239685, 0.9964518547058105, True, 0.5765625, 0.7270833333333333, -0.2236889749765396, 0.9997952580451965, 0.9997844099998474, True, 0.4890625, 0.7104166666666667, -0.1668480634689331, 0.9995673298835754, 0.9990344047546387, True, 0.584375, 0.8229166666666666, -0.20801591873168945, 0.9585021734237671, 0.9996097683906555, True, 0.421875, 0.7166666666666667, -0.33862829208374023, 0.920894980430603, 0.999576985836029, True, 0.5921875, 0.9125, -0.5697143077850342, 0.9555333256721497, 0.9995357990264893, True, 0.3625, 0.7083333333333334, -0.843919575214386, 0.9756788611412048, 0.999546468257904, True, 0.5953125, 0.9395833333333333, -0.6581021547317505, 0.9398881793022156, 0.9978437423706055, True, 0.3421875, 0.7083333333333334, -0.9912951588630676, 0.9592830538749695, 0.9979395270347595, True, 0.5921875, 0.9395833333333333, -0.7789470553398132, 0.9508070945739746, 0.997477114200592, True, 0.34375, 0.7, -1.0688583850860596, 0.9654480218887329, 0.997859537601471, True, 0.5875, 0.93125, -0.6257905960083008, 0.9409400820732117, 0.998659610748291, True, 0.35, 0.7020833333333333, -0.9019171595573425, 0.9670249819755554, 0.9991185069084167, True, 0.55, 0.9145833333333333, 0.03944682702422142, 0.996758759021759, 0.9946633577346802, True, 0.4953125, 0.9083333333333333, -0.03990534693002701, 0.9974431991577148, 0.994285523891449, True, 0.79392409324646, 1.091191053390503, 0.2734186351299286, 0.018663890659809113, 0.3054986596107483, False, 0.6118560433387756, 1.0854549407958984, -0.17102928459644318, 0.07884406298398972, 0.4815208911895752, False, 0.7803500890731812, 1.4546006917953491, 0.9386752843856812, 0.004858978558331728, 0.04215511307120323, False, 0.5830361247062683, 1.4554781913757324, 0.36877262592315674, 0.011632198467850685, 0.046096835285425186, False, 0.7805308699607849, 1.4944267272949219, 0.9827080368995667, 0.004730970598757267, 0.027387626469135284, False, 0.5798088312149048, 1.5033135414123535, 0.40885573625564575, 0.009276528842747211, 0.050707053393125534, False, 0.7378178834915161, 1.5581762790679932, 0.666002631187439, 0.004841162357479334, 0.0821281149983406, False, 0.5968078970909119, 1.5657861232757568, 0.06714342534542084, 0.008770217187702656, 0.06805968284606934, False
0.5640625, 0.68125, -0.9200294613838196, 0.9998825788497925, 0.9997031092643738, True, 0.5625, 0.6708333333333333, -0.8975369334220886, 0.9994484782218933, 0.9993036985397339, True, 0.5625, 0.6708333333333333, -0.8983891606330872, 0.9994465708732605, 0.9994733929634094, True, 0.5625, 0.6708333333333333, -0.8984806537628174, 0.9995589852333069, 0.9993793964385986, True, 0.559375, 0.66875, -0.9429603219032288, 0.999692440032959, 0.9991896748542786, True, 0.55625, 0.66875, -0.9437195658683777, 0.9997476935386658, 0.9994505047798157, True, 0.553125, 0.6666666666666666, -0.9442189335823059, 0.9998052716255188, 0.9994171857833862, True, 0.553125, 0.6708333333333333, -0.6759900450706482, 0.9998084902763367, 0.9997512698173523, True, 0.5390625, 0.6666666666666666, -0.8808631300926208, 0.9997130036354065, 0.9994943141937256, True, 0.5578125, 0.6916666666666667, -0.8195289969444275, 0.9999395608901978, 0.9999178647994995, True, 0.5546875, 0.6916666666666667, -0.8836247324943542, 0.9999440908432007, 0.9998193383216858, True, 0.5734375, 0.7354166666666667, -0.49520981311798096, 0.9999902248382568, 0.9999942779541016, True, 0.4875, 0.7166666666666667, -0.6942095756530762, 0.9999690055847168, 0.9999516010284424, True, 0.584375, 0.825, -0.4190584421157837, 0.9802119731903076, 0.9999375343322754, True, 0.421875, 0.75, -0.7638276815414429, 0.9956235289573669, 0.9999082088470459, True, 0.590625, 0.9104166666666667, -0.6903119087219238, 0.9642449617385864, 0.9998199343681335, True, 0.359375, 0.76875, -0.9936513900756836, 0.9962828755378723, 0.9998012185096741, True, 0.5921875, 0.9354166666666667, -0.7557580471038818, 0.9194332361221313, 0.9992577433586121, True, 0.340625, 0.775, -1.0864648818969727, 0.9892734885215759, 0.998890221118927, True, 0.590625, 0.9375, -0.8644519448280334, 0.932263970375061, 0.9990437626838684, True, 0.3390625, 0.7708333333333334, -1.1721948385238647, 0.9916355609893799, 0.998880922794342, True, 0.5875, 0.9291666666666667, -0.7415071725845337, 0.9199737906455994, 0.9995123147964478, True, 0.3453125, 0.76875, -1.039864182472229, 0.988625168800354, 0.9995867609977722, True, 0.5484375, 0.8979166666666667, 0.0685148611664772, 0.998915433883667, 0.9989810585975647, True, 0.4984375, 0.8916666666666667, -0.06902594864368439, 0.999154806137085, 0.9989180564880371, True, 0.8261470794677734, 1.0692627429962158, 0.2091783583164215, 0.12252567708492279, 0.9110001921653748, False, 0.6344194412231445, 1.0305945873260498, -0.18424838781356812, 0.13893894851207733, 0.939948320388794, False, 0.7982754707336426, 1.3436059951782227, 0.6568103432655334, 0.018535934388637543, 0.3364918828010559, False, 0.6358463168144226, 1.324782133102417, 0.28142213821411133, 0.016137678176164627, 0.37010616064071655, False, 0.7956764101982117, 1.3828177452087402, 0.6830130815505981, 0.018691424280405045, 0.1745069921016693, False, 0.6386950612068176, 1.3667060136795044, 0.3152756094932556, 0.010839354246854782, 0.32996076345443726, False, 0.7775134444236755, 1.4351391792297363, 0.43869033455848694, 0.02339199185371399, 0.311990350484848, False, 0.6390354633331299, 1.4147151708602905, 0.05466001108288765, 0.015713270753622055, 0.36177384853363037, False
0.51875, 0.65625, -0.9663196206092834, 0.9993564486503601, 0.9987691044807434, True, 0.525, 0.6479166666666667, -0.9456256628036499, 0.9977703094482422, 0.9980219602584839, True, 0.528125, 0.6479166666666667, -0.9466385245323181, 0.9975827932357788, 0.9983342289924622, True, 0.53125, 0.6479166666666667, -0.9464423060417175, 0.998117208480835, 0.9978097081184387, True, 0.51875, 0.6479166666666667, -0.9153165221214294, 0.9978736639022827, 0.997527539730072, True, 0.5171875, 0.6479166666666667, -0.9164595007896423, 0.9981637597084045, 0.9981740713119507, True, 0.515625, 0.6479166666666667, -0.9172732830047607, 0.9986944794654846, 0.9979996085166931, True, 0.5421875, 0.65625, -0.7344297170639038, 0.9978604912757874, 0.9979889392852783, True, 0.5203125, 0.6541666666666667, -0.5975109338760376, 0.9955205917358398, 0.9976851940155029, True, 0.525, 0.66875, -0.8746092915534973, 0.9986771941184998, 0.9990240335464478, True, 0.5171875, 0.66875, -0.8411866426467896, 0.9981456995010376, 0.9977236390113831, True, 0.5796875, 0.73125, -0.6076319813728333, 0.9997569918632507, 0.9997454285621643, True, 0.4890625, 0.7145833333333333, -0.33577245473861694, 0.9996256828308105, 0.9993312358856201, True, 0.584375, 0.83125, -0.6216624975204468, 0.9306885600090027, 0.9994425177574158, True, 0.421875, 0.7125, -0.33283326029777527, 0.9334287047386169, 0.9998264908790588, True, 0.59375, 0.9166666666666666, -0.9355515241622925, 0.7721101641654968, 0.9982126951217651, True, 0.3578125, 0.70625, -0.6774385571479797, 0.9483569264411926, 0.9994285702705383, True, 0.59375, 0.9520833333333333, -1.0300016403198242, 0.6493104100227356, 0.9918192625045776, True, 0.3390625, 0.7020833333333333, -0.7868602871894836, 0.8818438053131104, 0.9963518381118774, True, 0.5921875, 0.9520833333333333, -1.1377148628234863, 0.6817396879196167, 0.9903579354286194, True, 0.3390625, 0.6979166666666666, -0.8779551386833191, 0.8988381028175354, 0.9957243204116821, True, 0.5890625, 0.9375, -0.9846615195274353, 0.6473979353904724, 0.9949117302894592, True, 0.346875, 0.7, -0.7362545728683472, 0.8997308015823364, 0.9983091354370117, True, 0.5453125, 0.9125, -0.04747352749109268, 0.9980176687240601, 0.9983100891113281, True, 0.49375, 0.90625, 0.04693811014294624, 0.9987155199050903, 0.9986749291419983, True, 0.7971266508102417, 1.134023904800415, 0.17617446184158325, 0.01993422396481037, 0.6129294633865356, False, 0.6062232851982117, 1.0811494588851929, 0.11922799050807953, 0.05011729896068573, 0.8430575132369995, False, 0.7867293953895569, 1.4240249395370483, 0.7694649696350098, 0.005204027984291315, 0.136896014213562, False, 0.5883634686470032, 1.4246909618377686, 0.632375955581665, 0.010437597520649433, 0.19086751341819763, False, 0.7950681447982788, 1.459641695022583, 0.8079655766487122, 0.005553629249334335, 0.08328530937433243, False, 0.5902769565582275, 1.4709144830703735, 0.6701276302337646, 0.010274865664541721, 0.19401682913303375, False, 0.7297345399856567, 1.5302278995513916, 0.49632975459098816, 0.005696792155504227, 0.17012427747249603, False, 0.5869534611701965, 1.5267059803009033, 0.35225969552993774, 0.009690677747130394, 0.2006155401468277, False
