0.5625, 0.45, -0.28592783212661743, 0.997887909412384, 0.99943608045578, True, 0.571875, 0.43333333333333335, -0.23080836236476898, 0.99379563331604, 0.9979420304298401, True, 0.5765625, 0.43333333333333335, -0.23201441764831543, 0.9911666512489319, 0.9976871013641357, True, 0.58125, 0.43333333333333335, -0.23202921450138092, 0.9933311343193054, 0.9964224100112915, True, 0.565625, 0.4354166666666667, -0.21207018196582794, 0.9969323873519897, 0.9986157417297363, True, 0.5640625, 0.4375, -0.2141818404197693, 0.9978094696998596, 0.9991274476051331, True, 0.5625, 0.4375, -0.2155860811471939, 0.9987199306488037, 0.9991582632064819, True, 0.6015625, 0.44166666666666665, 0.08983077853918076, 0.9958727955818176, 0.9969852566719055, True, 0.5703125, 0.4479166666666667, 0.1750602424144745, 0.9978352189064026, 0.9994811415672302, True, 0.5734375, 0.4666666666666667, -0.14814873039722443, 0.9980816841125488, 0.9994961023330688, True, 0.565625, 0.46875, -0.13374969363212585, 0.9983199238777161, 0.9994785189628601, True, 0.6578125, 0.5479166666666667, 0.3446471095085144, 0.9997672438621521, 0.9998018145561218, True, 0.54375, 0.53125, -0.009894339367747307, 0.9999440908432007, 0.9999629259109497, True, 0.6796875, 0.6666666666666666, 0.20526333153247833, 0.8402190804481506, 0.9997074007987976, True, 0.571875, 0.6458333333333334, -0.4312439262866974, 0.9265244603157043, 0.9999659061431885, True, 0.66875, 0.7541666666666667, -0.4925958514213562, 0.5013483166694641, 0.9996740818023682, True, 0.628125, 0.7375, -1.1723905801773071, 0.9589428901672363, 0.9999860525131226, True, 0.6578125, 0.7833333333333333, -0.6673409342765808, 0.5021046996116638, 0.9985532164573669, True, 0.6375, 0.76875, -1.4660146236419678, 0.9365845918655396, 0.9999244213104248, True, 0.65625, 0.7708333333333334, -0.803037703037262, 0.5197168588638306, 0.9989312291145325, True, 0.6484375, 0.7583333333333333, -1.5003302097320557, 0.937484860420227, 0.9999401569366455, True, 0.6578125, 0.7604166666666666, -0.5576611757278442, 0.4680138826370239, 0.9994258880615234, True, 0.646875, 0.75, -1.2092641592025757, 0.9030483961105347, 0.9999737739562988, True, 0.6390625, 0.775, 0.15798281133174896, 0.999661922454834, 0.9998525381088257, True, 0.5703125, 0.76875, -0.1585308462381363, 0.9997993111610413, 0.9999192953109741, True, 0.6484375, 0.95625, -0.11636030673980713, 0.0548073872923851, 0.8850037455558777, True, 0.575, 0.9520833333333333, -0.6262569427490234, 0.11439156532287598, 0.9722377061843872, True, 0.6677416563034058, 1.1604664325714111, 0.6144540309906006, 0.008551026694476604, 0.43852803111076355, False, 0.3503101170063019, 1.181054949760437, -0.12795421481132507, 0.015292483381927013, 0.3777625262737274, False, 0.6385622024536133, 1.1922245025634766, 0.6530637741088867, 0.010115976445376873, 0.25127217173576355, False, 0.37145426869392395, 1.2174155712127686, -0.10214301198720932, 0.010721012949943542, 0.3050094246864319, False, 0.6830229759216309, 1.2325525283813477, 0.12254289537668228, 0.008055130951106548, 0.33328503370285034, False, 0.38399502635002136, 1.2609055042266846, -0.6858961582183838, 0.012324160896241665, 0.3040440082550049, False
0.534375, 0.40625, -0.10820429027080536, 0.9999523162841797, 0.9999836683273315, True, 0.540625, 0.3875, -0.16878719627857208, 0.999930739402771, 0.9999724626541138, True, 0.54375, 0.3854166666666667, -0.16972088813781738, 0.9999178647994995, 0.9999788999557495, True, 0.5484375, 0.38333333333333336, -0.16968198120594025, 0.9999500513076782, 0.999976396560669, True, 0.5359375, 0.38958333333333334, -0.012214644812047482, 0.9999382495880127, 0.999953031539917, True, 0.5359375, 0.39166666666666666, -0.013374916277825832, 0.9999381303787231, 0.9999603033065796, True, 0.5359375, 0.39166666666666666, -0.013898986391723156, 0.9999504089355469, 0.9999529123306274, True, 0.5703125, 0.3875, -0.3083137273788452, 0.9999803304672241, 0.9999899864196777, True, 0.5546875, 0.39375, 0.4050297439098358, 0.9999074935913086, 0.9999645948410034, True, 0.5453125, 0.42291666666666666, -0.14284572005271912, 0.99998939037323, 0.9999973773956299, True, 0.5390625, 0.425, 0.05469734966754913, 0.9999717473983765, 0.9999892711639404, True, 0.63125, 0.45, -0.6941869258880615, 0.9999977350234985, 0.999998927116394, True, 0.5546875, 0.5083333333333333, 0.8112301230430603, 0.999962329864502, 0.9999840259552002, True, 0.621875, 0.5729166666666666, -1.1278386116027832, 0.9983859062194824, 0.9999874830245972, True, 0.528125, 0.6104166666666667, 0.6465321183204651, 0.36068952083587646, 0.9999327659606934, True, 0.54375, 0.68125, -1.3524346351623535, 0.9951283931732178, 0.9999910593032837, True, 0.496875, 0.6791666666666667, -0.1581670045852661, 0.482433944940567, 0.999913215637207, True, 0.5296875, 0.7208333333333333, -1.5431746244430542, 0.9890981912612915, 0.9999301433563232, True, 0.4859375, 0.70625, -0.2883511483669281, 0.5333828330039978, 0.9996645450592041, True, 0.5171875, 0.7104166666666667, -1.5264616012573242, 0.9890005588531494, 0.9999450445175171, True, 0.4875, 0.7, -0.40592160820961, 0.5469968914985657, 0.9997172951698303, True, 0.51875, 0.7, -1.339782476425171, 0.978894054889679, 0.9999746084213257, True, 0.49375, 0.69375, -0.2395324409008026, 0.5334752202033997, 0.9998776912689209, True, 0.61875, 0.6958333333333333, -0.42085370421409607, 0.9999765157699585, 0.9999927282333374, True, 0.56875, 0.69375, 0.4202723801136017, 0.9999688863754272, 0.9999915361404419, True, 0.5546875, 0.84375, -1.1362890005111694, 0.6701846122741699, 0.9992282390594482, True, 0.5, 0.825, -0.293878436088562, 0.34520259499549866, 0.99847012758255, True, 0.4552449584007263, 1.0255489349365234, -0.46113207936286926, 0.19426631927490234, 0.9602700471878052, False, 0.3054112493991852, 1.0251846313476562, -0.011274648830294609, 0.10900135338306427, 0.958773136138916, False, 0.5056738257408142, 1.0586117506027222, -0.408185213804245, 0.16235284507274628, 0.8968406319618225, False, 0.3677210211753845, 1.0588496923446655, 0.003773834789171815, 0.13640089333057404, 0.9445789456367493, False, 0.28659090399742126, 1.1118345260620117, -0.7511321306228638, 0.21521027386188507, 0.8685052394866943, False, 0.1926426887512207, 1.121962547302246, -0.33025094866752625, 0.13205786049365997, 0.847527265548706, False
0.5203125, 0.4041666666666667, -0.4038528800010681, 0.9987143278121948, 0.9988780617713928, True, 0.5265625, 0.3854166666666667, -0.3785095512866974, 0.9964504241943359, 0.9985242486000061, True, 0.53125, 0.3854166666666667, -0.379673570394516, 0.9966338276863098, 0.9988754391670227, True, 0.5359375, 0.38333333333333336, -0.3795759081840515, 0.9975550770759583, 0.9986836314201355, True, 0.5203125, 0.38958333333333334, -0.2956462800502777, 0.996926486492157, 0.9976261258125305, True, 0.5203125, 0.38958333333333334, -0.2974187731742859, 0.9975953698158264, 0.9980881810188293, True, 0.51875, 0.38958333333333334, -0.29853004217147827, 0.9980608820915222, 0.9977813363075256, True, 0.559375, 0.3875, -0.1200627014040947, 0.9989354014396667, 0.999316930770874, True, 0.5328125, 0.3958333333333333, 0.2671400308609009, 0.9962788224220276, 0.9981354475021362, True, 0.534375, 0.42083333333333334, -0.2844250798225403, 0.9992457628250122, 0.9996345043182373, True, 0.525, 0.42291666666666666, -0.18381260335445404, 0.9986618757247925, 0.9988434314727783, True, 0.6359375, 0.48125, 0.017471248283982277, 0.999881386756897, 0.999929666519165, True, 0.5, 0.4979166666666667, 0.5348027348518372, 0.9994412064552307, 0.9994956254959106, True, 0.659375, 0.6041666666666666, -0.30980736017227173, 0.9231436252593994, 0.99951171875, True, 0.4734375, 0.625, 0.5059912800788879, 0.27701279520988464, 0.9979154467582703, True, 0.6390625, 0.6770833333333334, -1.1585296392440796, 0.6868759989738464, 0.9991274476051331, True, -0.0005671977996826172, 0.5639359354972839, -0.19517222046852112, 0.04576873406767845, 0.9846789240837097, False, 0.6328125, 0.7125, -1.3971068859100342, 0.6332457661628723, 0.9975600242614746, True, -0.014383375644683838, 0.6043692827224731, -0.3871522843837738, 0.04763641580939293, 0.97393798828125, False, 0.6296875, 0.7020833333333333, -1.4740171432495117, 0.6563684940338135, 0.9980615973472595, True, -0.00017887353897094727, 0.5924033522605896, -0.5036144852638245, 0.05274873599410057, 0.9739938974380493, False, 0.6296875, 0.69375, -1.203004240989685, 0.5518832206726074, 0.9987599849700928, True, 0.4625, 0.7104166666666667, -0.2691357433795929, 0.05704177916049957, 0.9840148091316223, True, 0.61875, 0.75625, -0.04821445047855377, 0.9984270334243774, 0.9989901185035706, True, 0.5359375, 0.7583333333333333, 0.04775406792759895, 0.9981434345245361, 0.9986031651496887, True, 0.628125, 0.9666666666666667, -0.2867714464664459, 0.16150856018066406, 0.927111804485321, True, 0.5359375, 0.9645833333333333, -0.5573778748512268, 0.37530383467674255, 0.9403862357139587, True, 0.7491867542266846, 1.217468023300171, 0.7821086049079895, 0.025607256218791008, 0.40021374821662903, False, 0.38552597165107727, 1.2301480770111084, 0.17561659216880798, 0.06328397244215012, 0.24423269927501678, False, 0.748885989189148, 1.2552099227905273, 0.8500017523765564, 0.01566367782652378, 0.26746630668640137, False, 0.4020492434501648, 1.2762324810028076, 0.2238999754190445, 0.03552616015076637, 0.2379685938358307, False, 0.6872003078460693, 1.2905704975128174, 0.20363935828208923, 0.02030971273779869, 0.44025424122810364, False, 0.3748817443847656, 1.2982306480407715, -0.42256197333335876, 0.04611269012093544, 0.2585521340370178, False
0.5171875, 0.40625, -0.3292822539806366, 0.9998427629470825, 0.9999097585678101, True, 0.5265625, 0.38958333333333334, -0.3260568678379059, 0.999714195728302, 0.9998549222946167, True, 0.5296875, 0.3875, -0.327262282371521, 0.9997149109840393, 0.9998987913131714, True, 0.5328125, 0.3875, -0.32720714807510376, 0.9998223185539246, 0.9998936653137207, True, 0.5203125, 0.39166666666666666, -0.2062121033668518, 0.9996993541717529, 0.9996683597564697, True, 0.5203125, 0.39166666666666666, -0.20762011408805847, 0.9997249245643616, 0.9996998310089111, True, 0.5203125, 0.39166666666666666, -0.20836585760116577, 0.9997515082359314, 0.9996129870414734, True, 0.5546875, 0.3958333333333333, -0.1832854151725769, 0.9999345541000366, 0.9999594688415527, True, 0.534375, 0.4, 0.37059515714645386, 0.9995137453079224, 0.999691367149353, True, 0.5265625, 0.42291666666666666, -0.2576698660850525, 0.9999499320983887, 0.999984622001648, True, 0.5203125, 0.425, -0.10837630182504654, 0.9998685121536255, 0.9999263286590576, True, 0.628125, 0.4708333333333333, -0.28093698620796204, 0.999992847442627, 0.9999977350234985, True, 0.515625, 0.5125, 0.6672406792640686, 0.9998457431793213, 0.9999018907546997, True, 0.6390625, 0.5895833333333333, -0.7881248593330383, 0.9958872199058533, 0.9999796152114868, True, 0.5140625, 0.6416666666666667, 0.4134586453437805, 0.301290899515152, 0.9994149208068848, True, 0.584375, 0.68125, -1.6081101894378662, 0.9888747930526733, 0.9999855756759644, True, 0.5203125, 0.7166666666666667, -0.5151424407958984, 0.10539223253726959, 0.998257577419281, True, 0.575, 0.7208333333333333, -1.8971539735794067, 0.9811991453170776, 0.9999222755432129, True, 0.5203125, 0.7458333333333333, -0.7352855205535889, 0.13744939863681793, 0.9963456988334656, True, 0.565625, 0.7083333333333334, -1.9280073642730713, 0.9822282195091248, 0.9999477863311768, True, 0.5234375, 0.7375, -0.8460044860839844, 0.14808596670627594, 0.9970671534538269, True, 0.565625, 0.6979166666666666, -1.6310093402862549, 0.9643268585205078, 0.9999732971191406, True, 0.5265625, 0.725, -0.5936039686203003, 0.14333371818065643, 0.9983491897583008, True, 0.6140625, 0.7166666666666667, -0.21108977496623993, 0.9999327659606934, 0.9999840259552002, True, 0.5484375, 0.71875, 0.2103770524263382, 0.9998524188995361, 0.9999586343765259, True, 0.6171875, 0.9020833333333333, -0.9619804620742798, 0.5082547664642334, 0.9980132579803467, True, 0.528125, 0.8895833333333333, -0.551620602607727, 0.44889065623283386, 0.995120108127594, True, 0.7357193231582642, 1.0845081806182861, -0.07127971947193146, 0.1103866696357727, 0.9655470252037048, False, 0.35333871841430664, 1.0954607725143433, -0.014767443761229515, 0.1717616468667984, 0.9058085680007935, False, 0.7464712858200073, 1.1135532855987549, -0.016321439296007156, 0.05370885878801346, 0.9154300093650818, False, 0.4001345932483673, 1.1331088542938232, 0.016261568292975426, 0.12137049436569214, 0.8841923475265503, False, 0.6375497579574585, 1.1714609861373901, -0.6569190621376038, 0.11898045986890793, 0.9216930866241455, False, 0.27738380432128906, 1.1669495105743408, -0.5792246460914612, 0.19042925536632538, 0.8167452812194824, False
0.5234375, 0.41458333333333336, 0.03168148174881935, 0.9882916808128357, 0.9986637830734253, True, 0.53125, 0.39791666666666664, 0.09421781450510025, 0.9587621688842773, 0.9958529472351074, True, 0.5359375, 0.39791666666666664, 0.09336460381746292, 0.9401721358299255, 0.9952243566513062, True, 0.5421875, 0.3958333333333333, 0.09367333352565765, 0.9559493064880371, 0.9922717809677124, True, 0.5234375, 0.40208333333333335, 0.12874451279640198, 0.9802573323249817, 0.9974478483200073, True, 0.521875, 0.4041666666666667, 0.12701259553432465, 0.9859045147895813, 0.9984036087989807, True, 0.5203125, 0.4041666666666667, 0.1260978877544403, 0.9929770827293396, 0.9985085129737854, True, 0.565625, 0.40208333333333335, 0.41439345479011536, 0.9676449298858643, 0.992281973361969, True, 0.53125, 0.41041666666666665, 0.5695096254348755, 0.9851104021072388, 0.9990328550338745, True, 0.5375, 0.43125, 0.16463008522987366, 0.989010751247406, 0.9987269043922424, True, 0.5265625, 0.43125, 0.19976748526096344, 0.9906664490699768, 0.9988982677459717, True, 0.628125, 0.49583333333333335, 0.5944564938545227, 0.9991689920425415, 0.9990037083625793, True, 0.50625, 0.4875, 0.5204192399978638, 0.9999127388000488, 0.9999496936798096, True, 0.6765625, 0.6, 0.2902252674102783, 0.2603585720062256, 0.9985818862915039, True, 0.5078125, 0.6, 0.2904421389102936, 0.5630689263343811, 0.9999418258666992, True, 0.6375, 0.6770833333333334, -0.5059918761253357, 0.07358134537935257, 0.9983356595039368, True, 0.534375, 0.6916666666666667, -0.4596119821071625, 0.73906010389328, 0.9999619722366333, True, 0.6296875, 0.7083333333333334, -0.701812207698822, 0.0954534113407135, 0.9954801797866821, True, 0.528125, 0.73125, -0.7008242011070251, 0.709136426448822, 0.9998512268066406, True, 0.615625, 0.6833333333333333, -0.7600528001785278, 0.10050497204065323, 0.996992826461792, True, 0.534375, 0.7229166666666667, -0.7645496726036072, 0.712762176990509, 0.9998668432235718, True, 0.6203125, 0.6791666666666667, -0.5445535182952881, 0.07875368744134903, 0.998145341873169, True, 0.5390625, 0.70625, -0.5100352168083191, 0.6376533508300781, 0.9999399185180664, True, 0.6171875, 0.7395833333333334, 0.10542387515306473, 0.9993917942047119, 0.9998522996902466, True, 0.5453125, 0.7416666666666667, -0.10619480162858963, 0.9997202754020691, 0.9999529123306274, True, 0.63125, 0.9354166666666667, 0.17566148936748505, 0.02929268591105938, 0.9689086079597473, True, 0.546875, 0.9479166666666666, -0.3403231203556061, 0.09992700070142746, 0.9951351284980774, True, 0.7023900747299194, 1.1446998119354248, 1.1987082958221436, 0.007652693428099155, 0.7980654239654541, False, 0.38246071338653564, 1.1683220863342285, 0.44272857904434204, 0.017094817012548447, 0.7384530305862427, False, 0.682059645652771, 1.1788897514343262, 1.2718971967697144, 0.011382858268916607, 0.6765318512916565, False, 0.40238648653030396, 1.204016923904419, 0.5019561648368835, 0.009743522852659225, 0.696556568145752, False, 0.7237198948860168, 1.2144577503204346, 0.767776608467102, 0.007500542793422937, 0.75867760181427, False, 0.4197967052459717, 1.2413568496704102, -0.07637002319097519, 0.010781372897326946, 0.6799503564834595, False
0.5890625, 0.4041666666666667, -0.013538304716348648, 0.9976795315742493, 0.9994351267814636, True, 0.5921875, 0.3875, 0.1113201230764389, 0.989529550075531, 0.9975591897964478, True, 0.596875, 0.3875, 0.11043639481067657, 0.9841083884239197, 0.9969871640205383, True, 0.6015625, 0.38958333333333334, 0.11050841212272644, 0.9868234395980835, 0.9946212768554688, True, 0.5765625, 0.3875, 0.06359130144119263, 0.9964936375617981, 0.9985675811767578, True, 0.5703125, 0.3875, 0.06186129152774811, 0.9972103238105774, 0.999038577079773, True, 0.5640625, 0.38958333333333334, 0.0609055794775486, 0.9984567165374756, 0.9989731311798096, True, 0.6, 0.39791666666666664, 0.6723335981369019, 0.9875171780586243, 0.9950377345085144, True, 0.553125, 0.4, 0.456535667181015, 0.9967830181121826, 0.9991996884346008, True, 0.5953125, 0.42291666666666666, 0.20643575489521027, 0.9939773082733154, 0.9986940026283264, True, 0.578125, 0.42291666666666666, 0.13390491902828217, 0.9967323541641235, 0.9990070462226868, True, 0.6375, 0.5, 0.8669695854187012, 0.9990161657333374, 0.9987245202064514, True, 0.5171875, 0.49166666666666664, 0.3907179534435272, 0.9998774528503418, 0.9999086856842041, True, 0.6796875, 0.6125, 0.6279902458190918, 0.08521676808595657, 0.9967631101608276, True, 0.521875, 0.6041666666666666, 0.05973052233457565, 0.639958918094635, 0.9998354911804199, True, 0.6859375, 0.675, -0.20487041771411896, 0.015237191691994667, 0.9883978962898254, True, 0.540625, 0.6875, -0.5683925151824951, 0.7068415880203247, 0.9998156428337097, True, 0.690625, 0.6979166666666666, -0.36306557059288025, 0.024192899465560913, 0.9707489609718323, True, 0.53125, 0.7270833333333333, -0.7892671227455139, 0.6739572286605835, 0.9992212057113647, True, 0.6875, 0.6791666666666667, -0.46724653244018555, 0.02785535901784897, 0.9760907888412476, True, 0.5359375, 0.725, -0.8486801385879517, 0.6767970323562622, 0.9993106126785278, True, 0.6828125, 0.6729166666666667, -0.26827484369277954, 0.029466506093740463, 0.9854007363319397, True, 0.5421875, 0.7083333333333334, -0.6124908328056335, 0.6098446249961853, 0.9996961355209351, True, 0.625, 0.7604166666666666, 0.15952827036380768, 0.9982351064682007, 0.9992783665657043, True, 0.55, 0.7583333333333333, -0.16020938754081726, 0.9992830157279968, 0.9997616410255432, True, 0.640625, 0.9666666666666667, 0.22881785035133362, 0.04509061947464943, 0.8657755255699158, True, 0.553125, 0.9708333333333333, -0.5931416153907776, 0.08809734880924225, 0.9764031171798706, True, 0.7517119646072388, 1.188288688659668, 1.0614418983459473, 0.007341974414885044, 0.32551857829093933, False, 0.40651756525039673, 1.2093164920806885, 0.08728696405887604, 0.012737870216369629, 0.3705310523509979, False, 0.7403687238693237, 1.2218152284622192, 1.1182355880737305, 0.010157722048461437, 0.19450493156909943, False, 0.4243781566619873, 1.248497486114502, 0.13850699365139008, 0.0075797950848937035, 0.3006058931350708, False, 0.7447327971458435, 1.2652900218963623, 0.6910867094993591, 0.005617968738079071, 0.2886883020401001, False, 0.43547531962394714, 1.2880477905273438, -0.37414929270744324, 0.00585627555847168, 0.24743030965328217, False
0.5171875, 0.18958333333333333, 0.532265305519104, 0.999749481678009, 0.9999628067016602, True, 0.521875, 0.1625, 0.5477752089500427, 0.9995644688606262, 0.9999485015869141, True, 0.5265625, 0.15833333333333333, 0.5467983484268188, 0.9995038509368896, 0.9999521970748901, True, 0.534375, 0.15416666666666667, 0.5471537113189697, 0.9996659755706787, 0.9999357461929321, True, 0.5125, 0.16875, 0.6605700850486755, 0.9996769428253174, 0.9999396800994873, True, 0.5125, 0.17083333333333334, 0.6583492755889893, 0.9997331500053406, 0.9999526739120483, True, 0.5125, 0.17083333333333334, 0.6572837233543396, 0.9998248219490051, 0.9999476671218872, True, 0.565625, 0.15833333333333333, 0.6846455335617065, 0.9997926354408264, 0.9999593496322632, True, 0.5328125, 0.175, 1.1945538520812988, 0.9995254278182983, 0.9999593496322632, True, 0.5359375, 0.20833333333333334, 0.6046652793884277, 0.9998239874839783, 0.9999775886535645, True, 0.5265625, 0.21458333333333332, 0.7391077876091003, 0.9997150301933289, 0.9999521970748901, True, 0.684375, 0.3, 0.6662324666976929, 0.999922513961792, 0.9999731779098511, True, 0.5109375, 0.31875, 1.3682003021240234, 0.9999195337295532, 0.9999676942825317, True, 0.6890625, 0.49375, 0.5981359481811523, 0.7873737215995789, 0.9997150301933289, True, 0.484375, 0.47708333333333336, 1.3543636798858643, 0.2781880497932434, 0.9997581839561462, True, 0.5390625, 0.5770833333333333, 0.34149840474128723, 0.5593826174736023, 0.9999151229858398, True, 0.4890625, 0.5520833333333334, 0.6153085827827454, 0.12716715037822723, 0.99931800365448, True, 0.5, 0.58125, 0.21242746710777283, 0.5317349433898926, 0.9997894167900085, True, 0.4875, 0.5729166666666666, 0.4394972324371338, 0.13878361880779266, 0.9985540509223938, True, 0.4953125, 0.55, 0.21227693557739258, 0.5390305519104004, 0.999847412109375, True, 0.484375, 0.5645833333333333, 0.3810875415802002, 0.1470593810081482, 0.9985758066177368, True, 0.50625, 0.54375, 0.35501840710639954, 0.4125802516937256, 0.9998970031738281, True, 0.496875, 0.5541666666666667, 0.5640758872032166, 0.14286993443965912, 0.9991661310195923, True, 0.665625, 0.66875, -0.08490690588951111, 0.9987660646438599, 0.9994542002677917, True, 0.55, 0.675, 0.08409665524959564, 0.9989558458328247, 0.9995642304420471, True, 0.684375, 0.9875, -0.5316845178604126, 0.08936286717653275, 0.9562987685203552, True, 0.23951685428619385, 1.0067871809005737, -0.5882433652877808, 0.18846191465854645, 0.9713463187217712, False, 0.7797678112983704, 1.2924498319625854, 0.3304826617240906, 0.00923330057412386, 0.4475611448287964, False, 0.3092476427555084, 1.3175935745239258, 0.2107761651277542, 0.018855033442378044, 0.3440004289150238, False, 0.7770087718963623, 1.3338364362716675, 0.3853685259819031, 0.007323003839701414, 0.2950204908847809, False, 0.3404034972190857, 1.3622575998306274, 0.27225762605667114, 0.011873869225382805, 0.3217022120952606, False, 0.7178216576576233, 1.375232219696045, -0.2500181496143341, 0.009875019080936909, 0.36697453260421753, False, 0.29584062099456787, 1.403428316116333, -0.343194842338562, 0.017541445791721344, 0.28537675738334656, False
0.5046875, 0.20416666666666666, 0.2725572884082794, 0.999064028263092, 0.9999524354934692, True, 0.5109375, 0.17708333333333334, 0.2162310779094696, 0.9984388947486877, 0.9999345541000366, True, 0.515625, 0.175, 0.2152150422334671, 0.9983489513397217, 0.9999567270278931, True, 0.51875, 0.175, 0.21520951390266418, 0.9990473389625549, 0.9999551773071289, True, 0.5078125, 0.18125, 0.3840763568878174, 0.9982767105102539, 0.99982750415802, True, 0.509375, 0.17916666666666667, 0.38294166326522827, 0.9983342289924622, 0.9998338222503662, True, 0.509375, 0.17916666666666667, 0.38263431191444397, 0.9984530210494995, 0.99977046251297, True, 0.540625, 0.175, 0.08734023571014404, 0.9997159838676453, 0.9999864101409912, True, 0.5328125, 0.17708333333333334, 0.8583374619483948, 0.9965113997459412, 0.9998220801353455, True, 0.51875, 0.22083333333333333, 0.2439246028661728, 0.9997859597206116, 0.9999939203262329, True, 0.5140625, 0.22083333333333333, 0.4570944011211395, 0.9992191791534424, 0.9999603033065796, True, 0.6453125, 0.2375, -0.2777213156223297, 0.9999977350234985, 0.9999994039535522, True, 0.5265625, 0.3229166666666667, 1.1661897897720337, 0.9998260140419006, 0.9999150037765503, True, 0.6921875, 0.33541666666666664, -0.9419159293174744, 0.9964593052864075, 0.9999932050704956, True, 0.5546875, 0.4666666666666667, 0.9593027234077454, 0.036712948232889175, 0.9996962547302246, True, 0.6046875, 0.46875, -1.5196783542633057, 0.9815597534179688, 0.9999892711639404, True, 0.5515625, 0.5270833333333333, 0.11677596718072891, 0.05213405564427376, 0.9996782541275024, True, 0.590625, 0.50625, -1.748520016670227, 0.962983250617981, 0.9999204874038696, True, 0.55625, 0.5479166666666667, -0.024784382432699203, 0.08854193985462189, 0.9993066787719727, True, 0.571875, 0.49166666666666664, -1.70499849319458, 0.960654079914093, 0.9999481439590454, True, 0.5546875, 0.5291666666666667, -0.12919111549854279, 0.0901520773768425, 0.9994280934333801, True, 0.5765625, 0.48333333333333334, -1.5005704164505005, 0.919585108757019, 0.9999743700027466, True, 0.553125, 0.5229166666666667, 0.040629446506500244, 0.08300254493951797, 0.9996844530105591, True, 0.6546875, 0.5604166666666667, -0.3295506238937378, 0.9999438524246216, 0.9999918937683105, True, 0.565625, 0.5770833333333333, 0.32879531383514404, 0.9998512268066406, 0.9999713897705078, True, 0.6546875, 0.7833333333333333, -1.3568984270095825, 0.3545804023742676, 0.9985301494598389, True, 0.5203125, 0.78125, -0.9911801218986511, 0.2952879071235657, 0.996488094329834, True, 0.7743014097213745, 1.0478873252868652, -0.9507639408111572, 0.0656261220574379, 0.9492995738983154, False, 0.31288203597068787, 1.067662239074707, -1.1378514766693115, 0.08570659160614014, 0.8523836731910706, False, 0.7999075651168823, 1.0808589458465576, -0.9389147162437439, 0.0586189366877079, 0.8535676002502441, False, 0.3612149655818939, 1.109303593635559, -1.1750737428665161, 0.09256207942962646, 0.7717458605766296, False, 0.6900540590286255, 1.1368305683135986, -1.5132204294204712, 0.06631939113140106, 0.8521753549575806, False, 0.25682926177978516, 1.1558055877685547, -1.756036639213562, 0.10277043282985687, 0.610556423664093, False
0.4328125, 0.22083333333333333, 0.6660286784172058, 0.9999383687973022, 0.9999992847442627, True, 0.440625, 0.19583333333333333, 0.6424052715301514, 0.9998569488525391, 0.9999985694885254, True, 0.4453125, 0.19166666666666668, 0.6415922045707703, 0.9998205304145813, 0.9999988079071045, True, 0.4484375, 0.18958333333333333, 0.6417329907417297, 0.9998708963394165, 0.9999983310699463, True, 0.4390625, 0.19791666666666666, 0.7946916222572327, 0.9998853206634521, 0.999997615814209, True, 0.440625, 0.19791666666666666, 0.79373699426651, 0.9998966455459595, 0.9999978542327881, True, 0.4421875, 0.19583333333333333, 0.793614387512207, 0.9999140501022339, 0.9999972581863403, True, 0.475, 0.18541666666666667, 0.5622467994689941, 0.9999377727508545, 0.9999990463256836, True, 0.4671875, 0.19166666666666668, 1.2600517272949219, 0.9997619986534119, 0.9999974966049194, True, 0.45, 0.23958333333333334, 0.6454606056213379, 0.9999606609344482, 0.9999995231628418, True, 0.4484375, 0.24166666666666667, 0.8382022976875305, 0.9999160766601562, 0.9999984502792358, True, 0.5734375, 0.22916666666666666, 0.0971694141626358, 0.999996542930603, 0.9999992847442627, True, 0.4609375, 0.3458333333333333, 1.3521445989608765, 0.9999818801879883, 0.9999918937683105, True, 0.5890625, 0.3375, -0.7955511212348938, 0.9821227788925171, 0.9999808073043823, True, 0.415625, 0.47291666666666665, 0.6293978691101074, 0.3772406578063965, 0.9999240636825562, True, 0.496875, 0.48333333333333334, -1.4600768089294434, 0.9244706630706787, 0.9999662637710571, True, 0.4125, 0.5166666666666667, -0.6931175589561462, 0.6236019730567932, 0.9999583959579468, True, 0.48125, 0.5333333333333333, -1.7084544897079468, 0.878813624382019, 0.9997984766960144, True, 0.4171875, 0.5354166666666667, -0.9378132224082947, 0.6648155450820923, 0.9998824596405029, True, 0.4578125, 0.5166666666666667, -1.6559773683547974, 0.8708478212356567, 0.9998846054077148, True, 0.4296875, 0.5166666666666667, -0.9690614342689514, 0.6647387742996216, 0.9999306201934814, True, 0.4609375, 0.50625, -1.4447622299194336, 0.7670460939407349, 0.9999370574951172, True, 0.4265625, 0.5083333333333333, -0.7547891139984131, 0.5941706299781799, 0.999962329864502, True, 0.58125, 0.5833333333333334, -0.282013475894928, 0.9998711347579956, 0.9999816417694092, True, 0.4921875, 0.5958333333333333, 0.28099313378334045, 0.9998581409454346, 0.9999743700027466, True, 0.5859375, 0.8104166666666667, -1.3595391511917114, 0.15429703891277313, 0.9975929856300354, True, 0.4578125, 0.8020833333333334, -1.0532876253128052, 0.2056177705526352, 0.997831404209137, True, 0.7961141467094421, 1.0599088668823242, -0.8795630931854248, 0.010317868553102016, 0.8891093730926514, False, 0.4068766236305237, 1.0846645832061768, -1.0554965734481812, 0.0298251211643219, 0.8404713273048401, False, 0.8187470436096191, 1.0969702005386353, -0.8617010712623596, 0.012539735995233059, 0.7305481433868408, False, 0.45832574367523193, 1.1278756856918335, -1.0780264139175415, 0.04151305556297302, 0.7619433999061584, False, 0.7493515014648438, 1.146282434463501, -1.4226053953170776, 0.013582935556769371, 0.8160881996154785, False, 0.3721303641796112, 1.1683955192565918, -1.6610949039459229, 0.04005398601293564, 0.6725353598594666, False
0.853125, 0.10416666666666667, -0.4357808530330658, 0.9506859183311462, 0.9873840808868408, True, 0.859375, 0.08125, -0.24235279858112335, 0.8740643262863159, 0.9757592082023621, True, 0.865625, 0.07708333333333334, -0.24447990953922272, 0.8237218856811523, 0.9747673273086548, True, 0.871875, 0.075, -0.2443525493144989, 0.8781048059463501, 0.9624444246292114, True, 0.85, 0.08541666666666667, -0.29382070899009705, 0.9482418298721313, 0.9793766736984253, True, 0.846875, 0.08541666666666667, -0.29741501808166504, 0.9528791904449463, 0.9852494597434998, True, 0.8453125, 0.0875, -0.29968956112861633, 0.9784479737281799, 0.9852606654167175, True, 0.8984375, 0.075, 0.5718653202056885, 0.8447586297988892, 0.9546446800231934, True, 0.859375, 0.09583333333333334, 0.338318794965744, 0.9442130923271179, 0.9818375706672668, True, 0.8765625, 0.12916666666666668, -0.12070988118648529, 0.9030960202217102, 0.9669334292411804, True, 0.8625, 0.12916666666666668, -0.2082042694091797, 0.940256655216217, 0.9681717753410339, True, 0.953125, 0.17916666666666667, 0.9639175534248352, 0.9915680289268494, 0.9666538834571838, True, 0.83125, 0.25416666666666665, 0.2421044260263443, 0.9975886344909668, 0.9932748079299927, True, 0.9640625, 0.04375, 1.0487518310546875, 0.3130928874015808, 0.99357670545578, True, 0.83125, 0.44166666666666665, 0.17021624743938446, 0.44138240814208984, 0.9939063191413879, True, 0.865625, 0.03958333333333333, 1.0534377098083496, 0.06399238854646683, 0.9930764436721802, True, 0.8328125, 0.61875, -0.3000495135784149, 0.5589123368263245, 0.9988538026809692, True, 0.8328125, 0.04375, 0.9975062608718872, 0.05384070426225662, 0.9766381978988647, True, 0.8296875, 0.6708333333333333, -0.5064474940299988, 0.42388835549354553, 0.9963390827178955, True, 0.83125, 0.04583333333333333, 0.9625306725502014, 0.05682969093322754, 0.9758553504943848, True, 0.8328125, 0.6729166666666667, -0.6788771748542786, 0.45593392848968506, 0.995627760887146, True, 0.8390625, 0.04583333333333333, 1.030876874923706, 0.06306181848049164, 0.9866978526115417, True, 0.840625, 0.6541666666666667, -0.3869428038597107, 0.4222249388694763, 0.9980818033218384, True, 0.990625, 0.5833333333333334, 0.2495768815279007, 0.9909396171569824, 0.9932312965393066, True, 0.9234375, 0.6083333333333333, -0.25358620285987854, 0.9927681684494019, 0.9960924983024597, True, 1.0119256973266602, 0.9311085343360901, 0.3059828281402588, 0.01326235756278038, 0.7997689247131348, False, 0.953125, 0.9270833333333334, -0.7542566061019897, 0.019393328577280045, 0.8514329791069031, True, 1.1480032205581665, 1.0971152782440186, 1.6968027353286743, 0.0043061706237494946, 0.49463126063346863, False, 0.8338091969490051, 1.0531779527664185, 1.0225436687469482, 0.0026320081669837236, 0.41917529702186584, False, 1.1405960321426392, 1.112787127494812, 1.8159252405166626, 0.005233434494584799, 0.35197290778160095, False, 0.8283525705337524, 1.062764286994934, 1.2127161026000977, 0.003169895615428686, 0.5056859850883484, False, 1.0897866487503052, 1.1664865016937256, 1.3498947620391846, 0.0032913393806666136, 0.4471721649169922, False, 0.8988999128341675, 1.1083199977874756, 0.8372817635536194, 0.0020134777296334505, 0.5147245526313782, False
0.9140625, 0.1375, -1.7828346490859985, 0.9870943427085876, 0.9949188828468323, True, 0.915625, 0.11458333333333333, -1.6989648342132568, 0.9776880145072937, 0.9938709735870361, True, 0.91875, 0.1125, -1.7028861045837402, 0.9759140610694885, 0.9947167038917542, True, 0.9203125, 0.1125, -1.7023729085922241, 0.9811046719551086, 0.9934844374656677, True, 0.909375, 0.11458333333333333, -1.7710119485855103, 0.9800925254821777, 0.9904292821884155, True, 0.909375, 0.11458333333333333, -1.77547287940979, 0.9837054014205933, 0.9920411705970764, True, 0.90625, 0.11458333333333333, -1.778484582901001, 0.9880959987640381, 0.9907191395759583, True, 0.9359375, 0.11458333333333333, -1.060450792312622, 0.9807468056678772, 0.9933504462242126, True, 0.91875, 0.12083333333333333, -1.4066411256790161, 0.9708210229873657, 0.9838635921478271, True, 0.928125, 0.16041666666666668, -1.480389952659607, 0.9774153828620911, 0.9939643740653992, True, 0.915625, 0.16458333333333333, -1.6061482429504395, 0.9771820902824402, 0.9875448346138, True, 0.9328125, 0.25416666666666665, -0.5372024178504944, 0.9995678067207336, 0.9993299245834351, True, 0.8984375, 0.2625, -1.0992493629455566, 0.9988499879837036, 0.9965085387229919, True, 0.925, 0.46041666666666664, -0.31624603271484375, 0.629474401473999, 0.9988359808921814, True, 0.896875, 0.475, -1.4364038705825806, 0.5064118504524231, 0.9933586716651917, True, 0.9015625, 0.6354166666666666, -1.2058528661727905, 0.792724072933197, 0.9995527863502502, True, 0.8875, 0.64375, -2.4219236373901367, 0.6820751428604126, 0.9984521865844727, True, 0.896875, 0.70625, -1.4676079750061035, 0.7927756309509277, 0.9983893632888794, True, 0.88125, 0.6979166666666666, -2.7747786045074463, 0.6134194731712341, 0.9953908920288086, True, 0.8921875, 0.69375, -1.7357275485992432, 0.8024564981460571, 0.9983362555503845, True, 0.88125, 0.7, -3.022057056427002, 0.638086199760437, 0.9954291582107544, True, 0.8953125, 0.6791666666666667, -1.3152878284454346, 0.7262197732925415, 0.9990649819374084, True, 0.884375, 0.68125, -2.553398370742798, 0.5771066546440125, 0.9978671073913574, True, 1.1431806087493896, 0.6366302371025085, 0.3810802698135376, 0.9977402687072754, 0.9984776377677917, False, 0.9765625, 0.6395833333333333, -0.3843115270137787, 0.996775209903717, 0.9971845746040344, True, 1.390507459640503, 0.9399659633636475, 0.5879482626914978, 0.11435595899820328, 0.9388877153396606, False, 0.975, 0.9458333333333333, -0.93245929479599, 0.10594787448644638, 0.9038702249526978, True, 1.6973998546600342, 1.2028276920318604, 1.2025760412216187, 0.08055753260850906, 0.7793511748313904, False, 1.189774990081787, 1.1643531322479248, 0.0517171286046505, 0.03416959196329117, 0.5352644920349121, False, 1.7357178926467896, 1.2419711351394653, 1.1952086687088013, 0.06075480207800865, 0.5682587027549744, False, 1.1742265224456787, 1.2037627696990967, 0.12281054258346558, 0.02220234088599682, 0.5244120955467224, False, 1.7311246395111084, 1.270115613937378, 0.21189703047275543, 0.06544841080904007, 0.6412340998649597, False, 1.4123826026916504, 1.205764889717102, -0.8119436502456665, 0.02829229272902012, 0.5697082877159119, False
0.775, 0.10625, 0.4175378680229187, 0.989779531955719, 0.9985585808753967, True, 0.78125, 0.07291666666666667, 0.4824977517127991, 0.9725907444953918, 0.9976045489311218, True, 0.7875, 0.06666666666666667, 0.48141366243362427, 0.9638304710388184, 0.9973322153091431, True, 0.7953125, 0.0625, 0.48210304975509644, 0.9685713052749634, 0.9958653450012207, True, 0.7703125, 0.08125, 0.5781055688858032, 0.9895824193954468, 0.9986051917076111, True, 0.7703125, 0.08125, 0.5747882723808289, 0.9929177761077881, 0.9991681575775146, True, 0.76875, 0.08333333333333333, 0.5732394456863403, 0.9964166879653931, 0.9993168115615845, True, 0.8328125, 0.05416666666666667, 0.8229405283927917, 0.9668086171150208, 0.9947329759597778, True, 0.7890625, 0.08125, 1.2726353406906128, 0.9921922087669373, 0.9994840621948242, True, 0.8015625, 0.12291666666666666, 0.5611167550086975, 0.9838205575942993, 0.9977256655693054, True, 0.7875, 0.12708333333333333, 0.6736400723457336, 0.9896031022071838, 0.998044490814209, True, 0.953125, 0.15833333333333333, 0.8376835584640503, 0.9965519905090332, 0.9939419627189636, True, 0.7734375, 0.24375, 1.3230419158935547, 0.9997527003288269, 0.9998090863227844, True, 0.99375, 0.18541666666666667, 0.03706534951925278, 0.14193396270275116, 0.9823984503746033, True, 0.765625, 0.42916666666666664, 1.3138996362686157, 0.5429916381835938, 0.9994494318962097, True, 0.9421875, 0.225, -0.9491907358169556, 0.02464679442346096, 0.9595805406570435, True, 0.7578125, 0.59375, 0.5892835855484009, 0.7644871473312378, 0.9997714161872864, True, 0.9359375, 0.24375, -1.1886321306228638, 0.03075304813683033, 0.9154394865036011, True, 0.7515625, 0.6541666666666667, 0.3974243998527527, 0.7076860070228577, 0.9992320537567139, True, 0.9234375, 0.23541666666666666, -1.1967557668685913, 0.03309100493788719, 0.9268728494644165, True, 0.75625, 0.6520833333333333, 0.22797277569770813, 0.7325708866119385, 0.999189555644989, True, 0.9234375, 0.22916666666666666, -0.9767888784408569, 0.03382953628897667, 0.9455582499504089, True, 0.7640625, 0.63125, 0.48900315165519714, 0.690223753452301, 0.9995827078819275, True, 0.965625, 0.5729166666666666, -0.07640394568443298, 0.995900571346283, 0.9967203736305237, True, 0.8484375, 0.5895833333333333, 0.07419654726982117, 0.9985244870185852, 0.999121367931366, True, 1.0441243648529053, 0.9784680604934692, -0.3518058955669403, 0.04926072433590889, 0.8109354376792908, False, 0.8796875, 0.9145833333333333, -0.5744091868400574, 0.15209898352622986, 0.9713564515113831, True, 1.2140910625457764, 1.3190627098083496, 0.24339577555656433, 0.016709817573428154, 0.4150679409503937, False, 0.8028666973114014, 1.3413660526275635, -0.48936712741851807, 0.045286644250154495, 0.4429618716239929, False, 1.2250778675079346, 1.3599631786346436, 0.2564086318016052, 0.009096037596464157, 0.266571581363678, False, 0.8422107100486755, 1.3926615715026855, -0.5109782218933105, 0.015264417976140976, 0.382823646068573, False, 1.2111679315567017, 1.4356049299240112, -0.5480823516845703, 0.015604713931679726, 0.2970241904258728, False, 0.8880928158760071, 1.4495538473129272, -1.3939454555511475, 0.03380029648542404, 0.24488282203674316, False
0.86875, 0.052083333333333336, 0.8920013904571533, 0.9919248223304749, 0.9994553923606873, True, 0.8765625, 0.035416666666666666, 1.0620009899139404, 0.9752348065376282, 0.9989032745361328, True, 0.8828125, 0.035416666666666666, 1.060537338256836, 0.9636511206626892, 0.9987761378288269, True, 0.8890625, 0.03333333333333333, 1.0604619979858398, 0.9722989201545715, 0.9980428218841553, True, 0.8578125, 0.03958333333333333, 1.0113165378570557, 0.991685152053833, 0.999238133430481, True, 0.85, 0.04375, 1.0086519718170166, 0.9931655526161194, 0.9994807839393616, True, 0.84375, 0.04583333333333333, 1.0071467161178589, 0.9969252943992615, 0.9994920492172241, True, 0.8890625, 0.05416666666666667, 1.6162843704223633, 0.977146565914154, 0.998618483543396, True, 0.8296875, 0.07083333333333333, 1.3933268785476685, 0.9928385615348816, 0.9995771050453186, True, 0.878125, 0.08125, 1.094693899154663, 0.9855505228042603, 0.9986785054206848, True, 0.8578125, 0.08541666666666667, 1.0154367685317993, 0.9919161200523376, 0.9988507032394409, True, 0.9625, 0.17291666666666666, 1.768816351890564, 0.9988353848457336, 0.998602569103241, True, 0.775, 0.22708333333333333, 1.1313856840133667, 0.9998158812522888, 0.9997373223304749, True, 0.996875, 0.01875, 2.259429454803467, 0.5419480800628662, 0.9997745156288147, True, 0.7640625, 0.42291666666666666, 1.0709635019302368, 0.5209525227546692, 0.9995716214179993, True, 0.9078125, 0.027083333333333334, 3.225522756576538, 0.025538619607686996, 0.9996330738067627, True, 0.7546875, 0.6, 0.838111162185669, 0.6463274955749512, 0.9999397993087769, True, 0.8828125, 0.03125, 3.3308472633361816, 0.012958969920873642, 0.9984404444694519, True, 0.7484375, 0.65625, 0.6871048808097839, 0.4684540331363678, 0.999782145023346, True, 0.8796875, 0.035416666666666666, 3.312777280807495, 0.013117005117237568, 0.9983044862747192, True, 0.753125, 0.6520833333333333, 0.6252895593643188, 0.48241615295410156, 0.9997547268867493, True, 0.8859375, 0.04375, 3.2260401248931885, 0.01576807163655758, 0.9991500377655029, True, 0.7609375, 0.6333333333333333, 0.7938539981842041, 0.42211538553237915, 0.9998941421508789, True, 0.95625, 0.5770833333333333, 0.2198648601770401, 0.9961422085762024, 0.9974507689476013, True, 0.8375, 0.5895833333333333, -0.2217082530260086, 0.9976790547370911, 0.9982784986495972, True, 0.96875, 0.9145833333333333, 0.45251402258872986, 0.02037222683429718, 0.8326513171195984, True, 0.88125, 0.91875, -0.3031218349933624, 0.02923855558037758, 0.907198429107666, True, 1.0391321182250977, 1.2641875743865967, 0.8640864491462708, 0.005743868183344603, 0.3741292655467987, False, 0.6705231666564941, 1.2929811477661133, 0.05068434402346611, 0.008706892840564251, 0.1954711228609085, False, 1.0345847606658936, 1.3055050373077393, 0.8723998069763184, 0.005223031155765057, 0.1945284754037857, False, 0.6621096134185791, 1.3428221940994263, 0.06295623630285263, 0.005537711083889008, 0.1627153903245926, False, 1.080422043800354, 1.369399070739746, 0.21551287174224854, 0.003900164971128106, 0.2187851071357727, False, 0.8177450895309448, 1.3900501728057861, -0.7022923827171326, 0.005228687543421984, 0.1236644983291626, False
0.55625, 0.6833333333333333, -2.2939629554748535, 0.9997643828392029, 0.9995123147964478, True, 0.5578125, 0.6708333333333333, -2.240055561065674, 0.9993014335632324, 0.9990615248680115, True, 0.559375, 0.6708333333333333, -2.2416582107543945, 0.9992013573646545, 0.9992570281028748, True, 0.559375, 0.6708333333333333, -2.2420806884765625, 0.9994175434112549, 0.9990653395652771, True, 0.5515625, 0.66875, -2.3039841651916504, 0.9995972514152527, 0.9987744688987732, True, 0.5484375, 0.66875, -2.3054442405700684, 0.9996253252029419, 0.9990702271461487, True, 0.5453125, 0.6666666666666666, -2.3066163063049316, 0.9997150301933289, 0.9988501071929932, True, 0.5515625, 0.6708333333333333, -1.7130733728408813, 0.9997404217720032, 0.9995598196983337, True, 0.534375, 0.6645833333333333, -1.9993329048156738, 0.9994875192642212, 0.9989320635795593, True, 0.553125, 0.6916666666666667, -2.0606324672698975, 0.999871015548706, 0.9997746348381042, True, 0.546875, 0.6895833333333333, -2.1520988941192627, 0.9998798370361328, 0.999566376209259, True, 0.571875, 0.7333333333333333, -1.2505195140838623, 0.9999880790710449, 0.9999873638153076, True, 0.4859375, 0.71875, -1.549740195274353, 0.9999490976333618, 0.9999128580093384, True, 0.5796875, 0.8208333333333333, -1.0861213207244873, 0.9825332164764404, 0.9999518394470215, True, 0.46875, 0.8104166666666667, -1.6030373573303223, 0.972502589225769, 0.9998148083686829, True, 0.5890625, 0.9041666666666667, -1.563034176826477, 0.8743733763694763, 0.9996922016143799, True, 0.459375, 0.8958333333333334, -1.9608373641967773, 0.8393533229827881, 0.9989001750946045, True, 0.5921875, 0.9270833333333334, -1.7290143966674805, 0.7417154312133789, 0.998581051826477, True, 0.4546875, 0.9229166666666667, -2.1697897911071777, 0.6534830927848816, 0.9952132701873779, True, 0.5890625, 0.9291666666666667, -1.909265398979187, 0.7657802700996399, 0.9982023239135742, True, 0.459375, 0.9229166666666667, -2.3015401363372803, 0.6798232793807983, 0.9948070645332336, True, 0.584375, 0.9229166666666667, -1.6464552879333496, 0.7319855093955994, 0.9990874528884888, True, 0.4640625, 0.9145833333333333, -2.026890993118286, 0.6028353571891785, 0.9977368116378784, True, 0.54375, 0.8895833333333333, 0.07724179327487946, 0.9996544122695923, 0.9996330738067627, True, 0.49375, 0.8833333333333333, -0.07772839069366455, 0.9996945858001709, 0.9994798302650452, True, 0.5834128856658936, 1.058223009109497, 0.39734312891960144, 0.17947155237197876, 0.8991430401802063, False, 0.24209514260292053, 1.0124928951263428, -0.14158965647220612, 0.17618732154369354, 0.9001268744468689, False, 0.5170005559921265, 1.3029574155807495, 1.548814058303833, 0.025215981528162956, 0.2504543364048004, False, 0.21260946989059448, 1.2987853288650513, 0.8713087439537048, 0.038782261312007904, 0.2100796103477478, False, 0.5123019218444824, 1.339493989944458, 1.6259136199951172, 0.018754320219159126, 0.11902240663766861, False, 0.21843884885311127, 1.344879150390625, 0.9406115412712097, 0.023480964824557304, 0.17821556329727173, False, 0.4689173996448517, 1.3918882608413696, 1.1064852476119995, 0.019396411255002022, 0.2238144874572754, False, 0.17978394031524658, 1.3849986791610718, 0.37280043959617615, 0.02323749102652073, 0.16798141598701477, False
0.5140625, 0.6416666666666667, -1.360245704650879, 0.9951678514480591, 0.989750325679779, True, 0.521875, 0.6354166666666666, -1.310974359512329, 0.9834994673728943, 0.9702557325363159, True, 0.525, 0.6354166666666666, -1.3123106956481934, 0.9779955148696899, 0.9712629914283752, True, 0.528125, 0.6354166666666666, -1.3122944831848145, 0.9827509522438049, 0.9602057337760925, True, 0.5140625, 0.6375, -1.298937439918518, 0.9907614588737488, 0.9723434448242188, True, 0.5125, 0.6375, -1.3005352020263672, 0.9923698902130127, 0.9822177290916443, True, 0.5109375, 0.6395833333333333, -1.3020247220993042, 0.995425283908844, 0.9821408987045288, True, 0.5359375, 0.64375, -0.9381162524223328, 0.9855125546455383, 0.9688063263893127, True, 0.5140625, 0.6479166666666667, -0.8871906995773315, 0.9907740950584412, 0.986035943031311, True, 0.5234375, 0.65625, -1.206974744796753, 0.9969137907028198, 0.9965459704399109, True, 0.5140625, 0.65625, -1.199805736541748, 0.9973159432411194, 0.9950007796287537, True, 0.5734375, 0.725, -0.6037135720252991, 0.9997219443321228, 0.9995214939117432, True, 0.4890625, 0.7125, -0.6851086616516113, 0.9998795986175537, 0.9997712969779968, True, 0.58125, 0.8229166666666666, -0.46998777985572815, 0.8655396103858948, 0.9995514750480652, True, 0.46875, 0.7979166666666667, -0.7792671918869019, 0.8945246338844299, 0.9998268485069275, True, 0.5890625, 0.90625, -0.8414776921272278, 0.6453622579574585, 0.9985236525535583, True, 0.440625, 0.875, -1.3495928049087524, 0.9428531527519226, 0.9998036026954651, True, 0.5921875, 0.93125, -0.9607043266296387, 0.5600279569625854, 0.9935342073440552, True, 0.43125, 0.9, -1.5627946853637695, 0.8914988040924072, 0.9989686012268066, True, 0.5875, 0.9333333333333333, -1.1348069906234741, 0.5982511043548584, 0.9927706122398376, True, 0.43125, 0.9020833333333333, -1.692758321762085, 0.9041327834129333, 0.9988600015640259, True, 0.584375, 0.925, -0.9173080325126648, 0.5662348866462708, 0.9963595271110535, True, 0.4375, 0.8958333333333334, -1.425059199333191, 0.8769104480743408, 0.9995593428611755, True, 0.546875, 0.8979166666666667, 0.07529101520776749, 0.9988194108009338, 0.9985231757164001, True, 0.4953125, 0.89375, -0.07587465643882751, 0.9993842840194702, 0.9992020726203918, True, 0.674538254737854, 1.084355115890503, 0.834712564945221, 0.01402890495955944, 0.5132856965065002, False, 0.39466923475265503, 1.0319910049438477, 0.008498746901750565, 0.08724582940340042, 0.8119905591011047, False, 0.6432668566703796, 1.326798915863037, 1.9600383043289185, 0.005277029704302549, 0.10930231213569641, False, 0.3522244691848755, 1.337098479270935, 0.7810351848602295, 0.018974866718053818, 0.09843611717224121, False, 0.6437795162200928, 1.3606922626495361, 2.041001558303833, 0.00493977777659893, 0.06365950405597687, False, 0.3560273349285126, 1.3821789026260376, 0.8378535509109497, 0.010596483014523983, 0.08992347121238708, False, 0.5964441895484924, 1.4228873252868652, 1.6592329740524292, 0.0042454879730939865, 0.13487501442432404, False, 0.343325138092041, 1.4371130466461182, 0.3692589998245239, 0.011817718856036663, 0.09377308934926987, False
0.515625, 0.6354166666666666, -1.2826831340789795, 0.9972710013389587, 0.9927085041999817, True, 0.521875, 0.63125, -1.2270522117614746, 0.9899207353591919, 0.9816691279411316, True, 0.525, 0.63125, -1.228325605392456, 0.9878711700439453, 0.9829906225204468, True, 0.528125, 0.63125, -1.2283505201339722, 0.9901400208473206, 0.9763416051864624, True, 0.5140625, 0.6333333333333333, -1.205055594444275, 0.9941796064376831, 0.9816306233406067, True, 0.5109375, 0.6333333333333333, -1.206441879272461, 0.9952133893966675, 0.9877820611000061, True, 0.509375, 0.6354166666666666, -1.20773446559906, 0.9969511032104492, 0.9873513579368591, True, 0.5359375, 0.6416666666666667, -0.8629233241081238, 0.9911373853683472, 0.9811366200447083, True, 0.5109375, 0.6458333333333334, -0.763179361820221, 0.9922130703926086, 0.9895630478858948, True, 0.5234375, 0.65, -1.138448715209961, 0.9978622794151306, 0.9976910352706909, True, 0.5125, 0.65, -1.11669921875, 0.9981537461280823, 0.9963803887367249, True, 0.5734375, 0.725, -0.6047752499580383, 0.9997727274894714, 0.9995878338813782, True, 0.484375, 0.7166666666666667, -0.5026489496231079, 0.9998719692230225, 0.999699592590332, True, 0.5796875, 0.825, -0.520065426826477, 0.8752445578575134, 0.9995573163032532, True, 0.4546875, 0.7979166666666667, -0.49201178550720215, 0.908266544342041, 0.9998179078102112, True, 0.5875, 0.9083333333333333, -0.9043564796447754, 0.641052782535553, 0.9983548521995544, True, 0.415625, 0.8604166666666667, -0.9997376203536987, 0.9430903792381287, 0.999724805355072, True, 0.590625, 0.9333333333333333, -1.0204957723617554, 0.5274830460548401, 0.9926907420158386, True, 0.403125, 0.88125, -1.1723294258117676, 0.8772246241569519, 0.9984163045883179, True, 0.5875, 0.9333333333333333, -1.1700154542922974, 0.5623028874397278, 0.9914997220039368, True, 0.403125, 0.88125, -1.3066209554672241, 0.89293372631073, 0.9982206225395203, True, 0.584375, 0.925, -0.9705167412757874, 0.5315718650817871, 0.9957447648048401, True, 0.409375, 0.8729166666666667, -1.075518012046814, 0.8753101229667664, 0.999325156211853, True, 0.54375, 0.9020833333333333, 0.014257810078561306, 0.9984787106513977, 0.9975322484970093, True, 0.490625, 0.8958333333333334, -0.0148506173864007, 0.9991794228553772, 0.9985060691833496, True, 0.7106167674064636, 1.0453368425369263, 0.5287200212478638, 0.013673661276698112, 0.4029262661933899, False, 0.46304792165756226, 1.0159302949905396, 0.006199769210070372, 0.0635102242231369, 0.7301661372184753, False, 0.6841466426849365, 1.34853196144104, 1.6386486291885376, 0.003033190034329891, 0.05783803388476372, False, 0.4430701732635498, 1.347496509552002, 0.8224257826805115, 0.011338283307850361, 0.054141316562891006, False, 0.6881347298622131, 1.3802425861358643, 1.7237752676010132, 0.002828232478350401, 0.03672179579734802, False, 0.4420161247253418, 1.391817331314087, 0.8878182768821716, 0.007840380072593689, 0.05673609673976898, False, 0.6214116215705872, 1.453479290008545, 1.3875401020050049, 0.002422531135380268, 0.09231945127248764, False, 0.4359518885612488, 1.4528377056121826, 0.4952518343925476, 0.007211877033114433, 0.06313037127256393, False
0.559375, 0.6854166666666667, -1.2830880880355835, 0.9994538426399231, 0.9988669157028198, True, 0.559375, 0.675, -1.2538347244262695, 0.9975405931472778, 0.9973063468933105, True, 0.5609375, 0.675, -1.2550408840179443, 0.9973360896110535, 0.9976755976676941, True, 0.5609375, 0.675, -1.2553021907806396, 0.9975636005401611, 0.9968664050102234, True, 0.5546875, 0.6729166666666667, -1.308929681777954, 0.998924195766449, 0.9976274371147156, True, 0.553125, 0.6729166666666667, -1.3101199865341187, 0.9992351531982422, 0.9984941482543945, True, 0.55, 0.6708333333333333, -1.3109734058380127, 0.9994440674781799, 0.9984868764877319, True, 0.5515625, 0.6729166666666667, -0.9388859272003174, 0.9990226030349731, 0.9981641173362732, True, 0.5359375, 0.6666666666666666, -1.1864557266235352, 0.999241828918457, 0.998770534992218, True, 0.55625, 0.69375, -1.1382585763931274, 0.999617338180542, 0.999396800994873, True, 0.5515625, 0.69375, -1.2167824506759644, 0.9997487664222717, 0.9992045760154724, True, 0.56875, 0.7333333333333333, -0.6887878179550171, 0.9999641180038452, 0.9999558925628662, True, 0.4859375, 0.7125, -0.9501594305038452, 0.9999608993530273, 0.9999387264251709, True, 0.578125, 0.825, -0.6326693296432495, 0.9773335456848145, 0.9997851252555847, True, 0.4578125, 0.7979166666666667, -1.0162320137023926, 0.993293285369873, 0.9999006986618042, True, 0.584375, 0.9041666666666667, -1.0242332220077515, 0.8478428721427917, 0.9984071850776672, True, 0.425, 0.8708333333333333, -1.33158540725708, 0.9922327995300293, 0.9998310804367065, True, 0.5875, 0.9270833333333334, -1.1337698698043823, 0.7235519886016846, 0.9938340187072754, True, 0.4125, 0.8916666666666667, -1.4789562225341797, 0.9789258241653442, 0.9990808963775635, True, 0.5859375, 0.9291666666666667, -1.2746819257736206, 0.7539359331130981, 0.9922469854354858, True, 0.4125, 0.89375, -1.5916389226913452, 0.9822126626968384, 0.9990053772926331, True, 0.58125, 0.91875, -1.0918906927108765, 0.7431442737579346, 0.9957696199417114, True, 0.41875, 0.8854166666666666, -1.3892587423324585, 0.9743695855140686, 0.9995998740196228, True, 0.5421875, 0.8979166666666667, 0.07987715303897858, 0.9988711476325989, 0.9978514909744263, True, 0.490625, 0.8916666666666667, -0.0803985446691513, 0.999286949634552, 0.998320996761322, True, 0.7013332843780518, 1.0833851099014282, 0.42909908294677734, 0.3155668079853058, 0.6764989495277405, False, 0.4476246237754822, 1.0111911296844482, 0.10154782980680466, 0.21516306698322296, 0.8247108459472656, False, 0.642558753490448, 1.3463218212127686, 1.1479723453521729, 0.041570667177438736, 0.11114684492349625, False, 0.41365915536880493, 1.327953577041626, 0.8125734329223633, 0.03837339207530022, 0.1163744106888771, False, 0.6326156258583069, 1.3842272758483887, 1.1931605339050293, 0.028598299250006676, 0.052747830748558044, False, 0.4088778793811798, 1.3719863891601562, 0.8603552579879761, 0.017676427960395813, 0.09879004955291748, False, 0.6183728575706482, 1.4338881969451904, 0.8408829569816589, 0.033975448459386826, 0.10621718317270279, False, 0.42668354511260986, 1.4252653121948242, 0.468506783246994, 0.022743305191397667, 0.11547013372182846, False
0.5109375, 0.6416666666666667, -1.352234959602356, 0.9895800948143005, 0.9919022917747498, True, 0.5171875, 0.63125, -1.2731409072875977, 0.9621775150299072, 0.9641596078872681, True, 0.5203125, 0.63125, -1.2745959758758545, 0.9466283917427063, 0.9577767252922058, True, 0.5234375, 0.6291666666666667, -1.2744898796081543, 0.9555089473724365, 0.9320859909057617, True, 0.5109375, 0.6333333333333333, -1.2913910150527954, 0.9842043519020081, 0.9792001843452454, True, 0.509375, 0.6333333333333333, -1.293487310409546, 0.9891624450683594, 0.9879674315452576, True, 0.5078125, 0.6354166666666666, -1.295289158821106, 0.9942420125007629, 0.9894739985466003, True, 0.5328125, 0.6354166666666666, -0.770409345626831, 0.9619635939598083, 0.9399312138557434, True, 0.5109375, 0.6395833333333333, -0.8536698818206787, 0.9904147386550903, 0.9934496283531189, True, 0.5203125, 0.65625, -1.144011378288269, 0.9913468956947327, 0.994907557964325, True, 0.5125, 0.6541666666666667, -1.177175760269165, 0.9951445460319519, 0.9960826635360718, True, 0.5609375, 0.7, -0.23935386538505554, 0.9994378685951233, 0.9987882971763611, True, 0.490625, 0.6958333333333333, -0.8594663739204407, 0.9999479055404663, 0.9999024868011475, True, 0.5671875, 0.78125, -0.14778542518615723, 0.38608452677726746, 0.9980167150497437, True, 0.4984375, 0.78125, -1.0657525062561035, 0.9519504308700562, 0.9999082088470459, True, 0.565625, 0.8520833333333333, -0.7289685010910034, 0.11868050694465637, 0.9980999827384949, True, 0.5296875, 0.8541666666666666, -1.6183947324752808, 0.9750139117240906, 0.9999791383743286, True, 0.565625, 0.875, -0.8759445548057556, 0.134299173951149, 0.9944339394569397, True, 0.53125, 0.8770833333333333, -1.8947522640228271, 0.9478838443756104, 0.9998886585235596, True, 0.5609375, 0.86875, -1.0369893312454224, 0.14299267530441284, 0.9953018426895142, True, 0.5390625, 0.8729166666666667, -1.9460362195968628, 0.9489797353744507, 0.9999078512191772, True, 0.5546875, 0.8625, -0.800532877445221, 0.13048335909843445, 0.9973376393318176, True, 0.5390625, 0.8666666666666667, -1.6508724689483643, 0.9147729873657227, 0.9999631643295288, True, 0.5453125, 0.8479166666666667, 0.22642658650875092, 0.9996325969696045, 0.9998656511306763, True, 0.50625, 0.8479166666666667, -0.22724755108356476, 0.9998514652252197, 0.9999442100524902, True, 0.553125, 0.9520833333333333, 0.3347569704055786, 0.05485056713223457, 0.965023398399353, True, 0.5109375, 0.9520833333333333, -0.34648028016090393, 0.11703741550445557, 0.9916440844535828, True, 0.641615629196167, 1.0994176864624023, 1.3069876432418823, 0.038820914924144745, 0.8162130117416382, False, 0.38726240396499634, 1.1025118827819824, 0.6177741885185242, 0.039663467556238174, 0.7351658344268799, False, 0.6023280024528503, 1.0948591232299805, 1.3687903881072998, 0.03586949035525322, 0.6285799145698547, False, 0.4003133177757263, 1.1340687274932861, 0.6910466551780701, 0.022066092118620872, 0.699568510055542, False, 0.6727674007415771, 1.1736030578613281, 0.7945840954780579, 0.03163476660847664, 0.6098135113716125, False, 0.440071165561676, 1.177566409111023, 0.08009812980890274, 0.026943426579236984, 0.5916510224342346, False
0.4234375, 0.5791666666666667, 0.004389854613691568, 0.9997500777244568, 0.9999641180038452, True, 0.4265625, 0.5645833333333333, -0.07910770922899246, 0.9995496869087219, 0.9999338388442993, True, 0.428125, 0.5625, -0.0801716074347496, 0.9994776844978333, 0.999950647354126, True, 0.43125, 0.5604166666666667, -0.08027547597885132, 0.9997007846832275, 0.999943733215332, True, 0.4234375, 0.5666666666666667, 0.1039368286728859, 0.9995941519737244, 0.9998849630355835, True, 0.4234375, 0.5666666666666667, 0.10273730009794235, 0.9996052384376526, 0.9999034404754639, True, 0.4234375, 0.5666666666666667, 0.10218564420938492, 0.9997194409370422, 0.9998849630355835, True, 0.4484375, 0.5604166666666667, -0.29116058349609375, 0.9998867511749268, 0.999975323677063, True, 0.4375, 0.5645833333333333, 0.5421841144561768, 0.9993624091148376, 0.9999160766601562, True, 0.4328125, 0.5916666666666667, -0.05249759554862976, 0.999950647354126, 0.9999939203262329, True, 0.428125, 0.5916666666666667, 0.17956335842609406, 0.9998841285705566, 0.9999771118164062, True, 0.496875, 0.6145833333333334, -0.7481855154037476, 0.9999964237213135, 0.9999984502792358, True, 0.4390625, 0.6520833333333333, 0.9636250734329224, 0.9999697208404541, 0.9999804496765137, True, 0.4859375, 0.7083333333333334, -1.2651878595352173, 0.9970977306365967, 0.9999889135360718, True, 0.41875, 0.7354166666666667, 0.7186720967292786, 0.2939299941062927, 0.99992835521698, True, 0.421875, 0.775, -1.5112724304199219, 0.9896625280380249, 0.9999840259552002, True, 0.3921875, 0.7833333333333333, -0.33823278546333313, 0.4412645697593689, 0.9999029636383057, True, 0.4125, 0.8, -1.734468698501587, 0.9775485396385193, 0.999887228012085, True, 0.3828125, 0.8041666666666667, -0.5082844495773315, 0.5001547336578369, 0.9996700286865234, True, 0.403125, 0.79375, -1.7063453197479248, 0.9772432446479797, 0.999913215637207, True, 0.384375, 0.8020833333333334, -0.6433930397033691, 0.5321748852729797, 0.9997226595878601, True, 0.40625, 0.7854166666666667, -1.4948153495788574, 0.9491240382194519, 0.9999570846557617, True, 0.3859375, 0.7958333333333333, -0.4355209767818451, 0.49757835268974304, 0.9998717308044434, True, 0.4828125, 0.80625, -0.4405404031276703, 0.9998981952667236, 0.9999666213989258, True, 0.4453125, 0.8041666666666667, 0.4399855136871338, 0.9998806715011597, 0.999955415725708, True, 0.4609375, 0.9458333333333333, -0.9771788716316223, 0.11789090931415558, 0.9924880266189575, True, 0.415625, 0.9229166666666667, -0.20385125279426575, 0.09230110049247742, 0.9923836588859558, True, 0.6536317467689514, 1.1046175956726074, -0.08844447135925293, 0.007147906813770533, 0.694835901260376, False, 0.37308675050735474, 1.1203558444976807, 0.21504874527454376, 0.012491976842284203, 0.6901794672012329, False, 0.6945377588272095, 1.1324098110198975, -0.0212485920637846, 0.007204608526080847, 0.5300173163414001, False, 0.41174113750457764, 1.159562349319458, 0.2400023341178894, 0.022909706458449364, 0.6406471133232117, False, 0.5092591047286987, 1.1707279682159424, -0.4078548550605774, 0.00931901577860117, 0.734627902507782, False, 0.2839769423007965, 1.1888384819030762, -0.15384775400161743, 0.018479837104678154, 0.6317340135574341, False
0.3390625, 0.51875, 0.10156533122062683, 0.9998334646224976, 0.9999603033065796, True, 0.34375, 0.5020833333333333, 0.06681282073259354, 0.9997139573097229, 0.9999330043792725, True, 0.3453125, 0.5020833333333333, 0.06615245342254639, 0.9996050000190735, 0.999946117401123, True, 0.3484375, 0.5, 0.06619644165039062, 0.9997815489768982, 0.9999362230300903, True, 0.340625, 0.5020833333333333, 0.1777031421661377, 0.9998065829277039, 0.9999067783355713, True, 0.3421875, 0.5020833333333333, 0.1767667680978775, 0.9998059868812561, 0.999929666519165, True, 0.3421875, 0.5020833333333333, 0.17628495395183563, 0.9998800754547119, 0.9999258518218994, True, 0.3640625, 0.5020833333333333, -0.019921742379665375, 0.9998608827590942, 0.9999668598175049, True, 0.35625, 0.5041666666666667, 0.4840717017650604, 0.9996790885925293, 0.999941349029541, True, 0.3484375, 0.53125, 0.07706592977046967, 0.9999409914016724, 0.9999921321868896, True, 0.3453125, 0.53125, 0.21644505858421326, 0.9998700618743896, 0.9999785423278809, True, 0.4234375, 0.55, -0.3554780185222626, 0.9999891519546509, 0.9999949932098389, True, 0.359375, 0.6, 0.768330454826355, 0.9999339580535889, 0.9999822378158569, True, 0.4125, 0.6520833333333333, -0.749527633190155, 0.9851099252700806, 0.99997878074646, True, 0.33125, 0.6916666666666667, 0.6494519710540771, 0.1538311094045639, 0.9999500513076782, True, 0.33125, 0.7270833333333333, -0.9719089269638062, 0.9440779089927673, 0.9999796152114868, True, 0.290625, 0.7520833333333333, 0.017767122015357018, 0.1925806701183319, 0.9999198913574219, True, 0.3140625, 0.75625, -1.1260051727294922, 0.9044982194900513, 0.9998569488525391, True, 0.2796875, 0.76875, -0.08057793229818344, 0.2377127707004547, 0.9996943473815918, True, 0.303125, 0.7458333333333333, -1.0940345525741577, 0.9063200950622559, 0.9998928308486938, True, 0.2765625, 0.7645833333333333, -0.17513905465602875, 0.2523176372051239, 0.9997417330741882, True, 0.3078125, 0.7375, -0.9585184454917908, 0.8511538505554199, 0.9999480247497559, True, 0.28125, 0.7604166666666666, -0.047717198729515076, 0.23550117015838623, 0.9998935461044312, True, 0.4296875, 0.75, -0.3182791769504547, 0.9999369382858276, 0.9999834299087524, True, 0.384375, 0.75625, 0.31773772835731506, 0.9999352693557739, 0.9999886751174927, True, 0.340625, 0.8458333333333333, -0.8420076966285706, 0.22236685454845428, 0.9994624257087708, True, 0.31875, 0.85625, -0.17223845422267914, 0.07399085909128189, 0.9989457726478577, True, 0.5963009595870972, 1.0396618843078613, -0.5269153714179993, 0.046445801854133606, 0.9543309211730957, False, 0.5098121166229248, 1.0517863035202026, -0.04954565688967705, 0.015236252918839455, 0.9281371831893921, False, 0.6444677114486694, 1.079505443572998, -0.5051940083503723, 0.0639568418264389, 0.877169132232666, False, 0.5514829158782959, 1.0880405902862549, -0.047320567071437836, 0.029576532542705536, 0.9120137691497803, False, 0.45886367559432983, 1.130929946899414, -0.7820391058921814, 0.05603683739900589, 0.8601382970809937, False, 0.4304697811603546, 1.1496069431304932, -0.32275572419166565, 0.018440023064613342, 0.8227372765541077, False
0.5, 0.4875, 0.15579333901405334, 0.9958266615867615, 0.9994288086891174, True, 0.5078125, 0.47291666666666665, 0.201385498046875, 0.9866869449615479, 0.9980292916297913, True, 0.5125, 0.4708333333333333, 0.2006719559431076, 0.9814743399620056, 0.9977922439575195, True, 0.5171875, 0.4708333333333333, 0.20093967020511627, 0.9855656027793884, 0.9966269731521606, True, 0.503125, 0.475, 0.267616331577301, 0.9938594698905945, 0.9988320469856262, True, 0.503125, 0.47708333333333336, 0.2660008668899536, 0.9961501359939575, 0.9993082284927368, True, 0.503125, 0.47708333333333336, 0.26502594351768494, 0.9978758096694946, 0.9993962049484253, True, 0.540625, 0.475, 0.45437654852867126, 0.993238091468811, 0.9973199963569641, True, 0.5140625, 0.48125, 0.7556321024894714, 0.9971206784248352, 0.9997145533561707, True, 0.5125, 0.50625, 0.2623001039028168, 0.998018741607666, 0.9996875524520874, True, 0.5078125, 0.5083333333333333, 0.34003838896751404, 0.9981062412261963, 0.9997066855430603, True, 0.6, 0.5520833333333334, 0.4954868257045746, 0.9995957016944885, 0.9995506405830383, True, 0.4921875, 0.5604166666666667, 0.708718478679657, 0.9999481439590454, 0.9999717473983765, True, 0.6234375, 0.6604166666666667, 0.003105956595391035, 0.546337366104126, 0.9970402121543884, True, 0.4984375, 0.65, 0.2128962278366089, 0.7061268091201782, 0.9998701810836792, True, 0.59375, 0.7333333333333333, -0.8448925614356995, 0.18275147676467896, 0.9947687387466431, True, 0.5359375, 0.7104166666666667, -0.8470112085342407, 0.8145375847816467, 0.9999377727508545, True, 0.590625, 0.7625, -1.0824882984161377, 0.2394164353609085, 0.9887173175811768, True, 0.54375, 0.7375, -1.1316041946411133, 0.8357023596763611, 0.9998437166213989, True, 0.5796875, 0.75, -1.128548264503479, 0.26046881079673767, 0.9933962821960449, True, 0.553125, 0.7291666666666666, -1.158252239227295, 0.8432151079177856, 0.9998935461044312, True, 0.5796875, 0.7395833333333334, -0.8787207007408142, 0.1957799792289734, 0.9953188300132751, True, 0.5515625, 0.71875, -0.8891016244888306, 0.7654303312301636, 0.999937891960144, True, 0.590625, 0.75, 0.00024343586119357497, 0.99894779920578, 0.9996917247772217, True, 0.521875, 0.75625, -0.0010749062057584524, 0.9995508790016174, 0.9999126195907593, True, 0.5921875, 0.9041666666666667, -0.535633385181427, 0.07045324146747589, 0.9637393355369568, True, 0.509375, 0.9145833333333333, -0.663950502872467, 0.2511448860168457, 0.9960455298423767, True, 0.662919282913208, 1.0699944496154785, 0.42066001892089844, 0.011358757503330708, 0.801509439945221, False, 0.2632048428058624, 1.1170377731323242, -0.14191019535064697, 0.060255590826272964, 0.7150474786758423, False, 0.6523877382278442, 1.1005890369415283, 0.48783573508262634, 0.017811527475714684, 0.6803189516067505, False, 0.2903127372264862, 1.1565353870391846, -0.11045655608177185, 0.03615456447005272, 0.6575926542282104, False, 0.6223509907722473, 1.1489089727401733, -0.10764996707439423, 0.015967076644301414, 0.7748679518699646, False, 0.24555590748786926, 1.1866945028305054, -0.7914243936538696, 0.05280578136444092, 0.5946336984634399, False
