0.5859375, 0.44166666666666665, -0.18768833577632904, 0.9999395608901978, 0.9999375343322754, True, 0.596875, 0.42916666666666664, -0.14890888333320618, 0.9996596574783325, 0.9998823404312134, True, 0.603125, 0.42916666666666664, -0.14983436465263367, 0.9997254014015198, 0.9999070167541504, True, 0.6078125, 0.42916666666666664, -0.14977343380451202, 0.9997337460517883, 0.9998835325241089, True, 0.5859375, 0.43125, -0.11143805831670761, 0.9997597336769104, 0.9998538494110107, True, 0.5828125, 0.43333333333333335, -0.11236853152513504, 0.9998561143875122, 0.9998925924301147, True, 0.5796875, 0.4354166666666667, -0.1129843220114708, 0.9998526573181152, 0.999881386756897, True, 0.6234375, 0.4395833333333333, 0.04589736834168434, 0.9998841285705566, 0.9999414682388306, True, 0.584375, 0.44375, 0.22113445401191711, 0.9997269511222839, 0.9999078512191772, True, 0.6, 0.46041666666666664, -0.11017365753650665, 0.9999159574508667, 0.9999812841415405, True, 0.584375, 0.46041666666666664, -0.06494541466236115, 0.9998794794082642, 0.9999476671218872, True, 0.671875, 0.5479166666666667, 0.12667003273963928, 0.9999798536300659, 0.9999953508377075, True, 0.5484375, 0.5375, 0.31496867537498474, 0.9999375343322754, 0.9999512434005737, True, 0.7015625, 0.6791666666666667, 0.15267314016819, 0.9531123042106628, 0.9999291896820068, True, 0.4609375, 0.6041666666666666, -0.08942678570747375, 0.8999004364013672, 0.9997400641441345, True, 0.7328125, 0.7916666666666666, -0.10906766355037689, 0.9692587852478027, 0.9998158812522888, True, 0.4234375, 0.49166666666666664, -0.8752648830413818, 0.9963164329528809, 0.9999914169311523, True, 0.74375, 0.825, -0.17423075437545776, 0.9687758684158325, 0.9991089701652527, True, 0.4140625, 0.46041666666666664, -1.0456312894821167, 0.9962375164031982, 0.9999834299087524, True, 0.7421875, 0.825, -0.27538132667541504, 0.9740239381790161, 0.9990792274475098, True, 0.421875, 0.45208333333333334, -1.0609155893325806, 0.9963674545288086, 0.9999871253967285, True, 0.734375, 0.8145833333333333, -0.1528180092573166, 0.9696566462516785, 0.9995294809341431, True, 0.428125, 0.4666666666666667, -0.9139246344566345, 0.9960540533065796, 0.9999940395355225, True, 0.6328125, 0.8, -0.011093351058661938, 0.9992445707321167, 0.9996154308319092, True, 0.5515625, 0.7895833333333333, 0.010366210713982582, 0.9992659687995911, 0.9994151592254639, True, 0.658832848072052, 1.0252304077148438, -0.11047922819852829, 0.07980093359947205, 0.8576411604881287, False, 0.559375, 0.99375, -0.11516004055738449, 0.10523924976587296, 0.9091477394104004, True, 0.6327276229858398, 1.2601356506347656, 0.5665040016174316, 0.012889530509710312, 0.266228586435318, False, 0.44068238139152527, 1.267581820487976, 0.4634024500846863, 0.020379716530442238, 0.22065334022045135, False, 0.6259493231773376, 1.296029806137085, 0.6152070760726929, 0.014653585851192474, 0.16044683754444122, False, 0.4453445374965668, 1.310939073562622, 0.5098123550415039, 0.01695559173822403, 0.21021859347820282, False, 0.612963855266571, 1.3361358642578125, 0.3249250650405884, 0.014573619700968266, 0.29495832324028015, False, 0.4468405842781067, 1.346152424812317, 0.21180225908756256, 0.016025327146053314, 0.22957700490951538, False
0.584375, 0.44166666666666665, -0.30651500821113586, 0.9999117851257324, 0.9998966455459595, True, 0.59375, 0.42916666666666664, -0.2643337845802307, 0.999562680721283, 0.9998219609260559, True, 0.6, 0.42916666666666664, -0.26536881923675537, 0.999625563621521, 0.9998524188995361, True, 0.60625, 0.43125, -0.2653045952320099, 0.9996342658996582, 0.9998171925544739, True, 0.5828125, 0.42916666666666664, -0.2269555926322937, 0.9997015595436096, 0.9997949004173279, True, 0.58125, 0.43125, -0.22800342738628387, 0.9998199343681335, 0.999849796295166, True, 0.578125, 0.43125, -0.22876809537410736, 0.9998173117637634, 0.9998362064361572, True, 0.621875, 0.44166666666666665, -0.03832486271858215, 0.9998483657836914, 0.9998865127563477, True, 0.5828125, 0.44166666666666665, 0.1368761956691742, 0.9997218251228333, 0.999864935874939, True, 0.596875, 0.4625, -0.21603521704673767, 0.9998749494552612, 0.9999610185623169, True, 0.584375, 0.46041666666666664, -0.17117926478385925, 0.9998432397842407, 0.9999059438705444, True, 0.6703125, 0.55, 0.07013227045536041, 0.999966025352478, 0.9999877214431763, True, 0.5421875, 0.5375, 0.21503044664859772, 0.9999312162399292, 0.9999399185180664, True, 0.7, 0.6770833333333334, 0.0663577988743782, 0.919645369052887, 0.9998093247413635, True, 0.45625, 0.575, -0.37831342220306396, 0.9383413195610046, 0.9995989203453064, True, 0.73125, 0.7916666666666666, -0.228673055768013, 0.9443648457527161, 0.9996165037155151, True, 0.45625, 0.45625, -1.3158968687057495, 0.9977235198020935, 0.9999957084655762, True, 0.7421875, 0.825, -0.30646541714668274, 0.9558061957359314, 0.9983875751495361, True, 0.45625, 0.42291666666666666, -1.5325247049331665, 0.997403085231781, 0.9999926090240479, True, 0.740625, 0.8270833333333333, -0.41367754340171814, 0.963821530342102, 0.9983932375907898, True, 0.4671875, 0.42083333333333334, -1.5032118558883667, 0.9972845315933228, 0.9999946355819702, True, 0.7328125, 0.8166666666666667, -0.27505266666412354, 0.9586257338523865, 0.9991410970687866, True, 0.4703125, 0.43333333333333335, -1.341270089149475, 0.9968342185020447, 0.9999974966049194, True, 0.63125, 0.8041666666666667, -0.013357284478843212, 0.9987382292747498, 0.9990353584289551, True, 0.5484375, 0.7958333333333333, 0.012574984692037106, 0.9990617632865906, 0.9989952445030212, True, 0.6179141998291016, 1.0088874101638794, 0.13848550617694855, 0.03357597067952156, 0.6609935760498047, False, 0.553125, 0.9958333333333333, -0.014205657877027988, 0.07513172179460526, 0.8703604340553284, True, 0.5648590326309204, 1.2705612182617188, 0.9922422766685486, 0.011115574277937412, 0.19246575236320496, False, 0.3471265137195587, 1.2720935344696045, 0.6192222237586975, 0.024294808506965637, 0.23112428188323975, False, 0.5636222958564758, 1.3062386512756348, 1.0547313690185547, 0.014152719639241695, 0.12457018345594406, False, 0.3524895906448364, 1.31937575340271, 0.6691015362739563, 0.021385766565799713, 0.20977579057216644, False, 0.5184955596923828, 1.3526508808135986, 0.7297662496566772, 0.0123053640127182, 0.2719354033470154, False, 0.33972930908203125, 1.3521678447723389, 0.3176327347755432, 0.018233522772789, 0.2211828976869583, False
0.5828125, 0.44166666666666665, -0.19169344007968903, 0.9997618794441223, 0.9993460774421692, True, 0.59375, 0.42916666666666664, -0.17783182859420776, 0.9988855719566345, 0.9990769624710083, True, 0.5984375, 0.42916666666666664, -0.17872604727745056, 0.9991212487220764, 0.9992690682411194, True, 0.603125, 0.42916666666666664, -0.1786167025566101, 0.9991942048072815, 0.9991173148155212, True, 0.5859375, 0.42916666666666664, -0.1278732568025589, 0.9991011619567871, 0.9989701509475708, True, 0.584375, 0.42916666666666664, -0.12885594367980957, 0.9994612336158752, 0.9992913007736206, True, 0.584375, 0.42916666666666664, -0.1295401155948639, 0.9995129108428955, 0.9993240833282471, True, 0.6234375, 0.4395833333333333, -0.07740499824285507, 0.9996002316474915, 0.9994208812713623, True, 0.59375, 0.44166666666666665, 0.1560642272233963, 0.999115526676178, 0.9994325041770935, True, 0.5953125, 0.46041666666666664, -0.14642921090126038, 0.9997239708900452, 0.9997939467430115, True, 0.584375, 0.46041666666666664, -0.08488472551107407, 0.9995816349983215, 0.9994869232177734, True, 0.6796875, 0.5520833333333334, -0.03621986135840416, 0.9998924732208252, 0.9999408721923828, True, 0.5515625, 0.5375, 0.25450238585472107, 0.9997711777687073, 0.999691367149353, True, 0.7046875, 0.6791666666666667, -0.07223770767450333, 0.9556640982627869, 0.9994992017745972, True, 0.4578125, 0.5666666666666667, 0.041611362248659134, 0.9330658316612244, 0.9994408488273621, True, 0.7328125, 0.7958333333333333, -0.3922760784626007, 0.9503103494644165, 0.999190628528595, True, 0.403125, 0.47291666666666665, -0.5788760185241699, 0.9909934401512146, 0.9998751878738403, True, 0.7421875, 0.825, -0.4735557734966278, 0.9427738189697266, 0.9965766072273254, True, 0.39375, 0.44583333333333336, -0.7202075719833374, 0.9887081384658813, 0.9996535778045654, True, 0.740625, 0.8270833333333333, -0.5725402235984802, 0.9517654180526733, 0.9966025352478027, True, 0.3984375, 0.4395833333333333, -0.7647560834884644, 0.990192174911499, 0.9997109770774841, True, 0.734375, 0.81875, -0.4372251033782959, 0.9422184824943542, 0.9981498718261719, True, 0.403125, 0.4479166666666667, -0.6262310743331909, 0.9902698993682861, 0.9998615980148315, True, 0.6390625, 0.8083333333333333, -0.040448810905218124, 0.99730384349823, 0.997100293636322, True, 0.559375, 0.8020833333333334, 0.03983630985021591, 0.9976407289505005, 0.9967789053916931, True, 0.6910864114761353, 1.0107898712158203, -0.16770893335342407, 0.0783306434750557, 0.6445403099060059, False, 0.4808942973613739, 1.0093839168548584, -0.06354932487010956, 0.1103706806898117, 0.7911498546600342, False, 0.6435965299606323, 1.3141474723815918, 0.39380425214767456, 0.01614931970834732, 0.15087981522083282, False, 0.46623706817626953, 1.299720048904419, 0.5054096579551697, 0.01942264474928379, 0.16024671494960785, False, 0.6409111618995667, 1.347994327545166, 0.43111076951026917, 0.013202573172748089, 0.09604799002408981, False, 0.4701276123523712, 1.340022087097168, 0.5525458455085754, 0.01799759268760681, 0.18379952013492584, False, 0.5945290327072144, 1.398254156112671, 0.11581846326589584, 0.017298514023423195, 0.2005797177553177, False, 0.46484699845314026, 1.3899476528167725, 0.27948835492134094, 0.01733078993856907, 0.20680119097232819, False
0.5765625, 0.4395833333333333, -0.18149332702159882, 0.9997372031211853, 0.9996291399002075, True, 0.5859375, 0.4270833333333333, -0.15837903320789337, 0.9987441301345825, 0.9993789196014404, True, 0.5921875, 0.4270833333333333, -0.159352108836174, 0.9989333748817444, 0.9995012283325195, True, 0.5984375, 0.4270833333333333, -0.1592797338962555, 0.9990597367286682, 0.999396800994873, True, 0.5796875, 0.42916666666666664, -0.10664994269609451, 0.9990134239196777, 0.9993226528167725, True, 0.578125, 0.43125, -0.10774220526218414, 0.9994029998779297, 0.9995331764221191, True, 0.578125, 0.43125, -0.10852386802434921, 0.9994632601737976, 0.9995409250259399, True, 0.61875, 0.4375, -0.018858663737773895, 0.9996073842048645, 0.9996535778045654, True, 0.5890625, 0.44166666666666665, 0.22165629267692566, 0.9991351962089539, 0.9996634721755981, True, 0.5890625, 0.46041666666666664, -0.12258865684270859, 0.9997749924659729, 0.9999041557312012, True, 0.5796875, 0.4583333333333333, -0.05889563634991646, 0.9996868371963501, 0.9997778534889221, True, 0.6734375, 0.5520833333333334, 0.0686691403388977, 0.9999399185180664, 0.9999754428863525, True, 0.5453125, 0.53125, 0.2757331132888794, 0.9999035596847534, 0.9998911619186401, True, 0.7, 0.6833333333333333, 0.07020868360996246, 0.9243494272232056, 0.9997562766075134, True, 0.45, 0.5375, -0.20173344016075134, 0.9566556215286255, 0.9996724128723145, True, 0.7328125, 0.8, -0.20873358845710754, 0.9460248947143555, 0.9996463060379028, True, 0.4296875, 0.42291666666666666, -1.0550836324691772, 0.997386634349823, 0.9999874830245972, True, 0.740625, 0.8354166666666667, -0.28480544686317444, 0.9488888382911682, 0.9985389709472656, True, 0.4234375, 0.39375, -1.2519110441207886, 0.9964560866355896, 0.9999716281890869, True, 0.7390625, 0.8354166666666667, -0.39300915598869324, 0.9565039873123169, 0.9985520243644714, True, 0.434375, 0.38958333333333334, -1.2450865507125854, 0.9964981079101562, 0.9999781847000122, True, 0.73125, 0.8270833333333333, -0.2548424303531647, 0.9467717409133911, 0.9992276430130005, True, 0.440625, 0.40208333333333335, -1.0883244276046753, 0.9960428476333618, 0.9999901056289673, True, 0.634375, 0.8041666666666667, -0.009892179630696774, 0.9983004927635193, 0.9984682202339172, True, 0.5515625, 0.7958333333333333, 0.009095530025660992, 0.998695433139801, 0.9983099699020386, True, 0.653498649597168, 1.004942536354065, -0.12803106009960175, 0.052450358867645264, 0.6551796197891235, False, 0.4208357036113739, 1.0045593976974487, -0.09777764976024628, 0.08599766343832016, 0.8164049386978149, False, 0.592616081237793, 1.2888026237487793, 0.571020245552063, 0.011585649102926254, 0.14683771133422852, False, 0.39978107810020447, 1.2801103591918945, 0.5614281892776489, 0.014181763865053654, 0.1362825632095337, False, 0.5851227045059204, 1.3245488405227661, 0.618741512298584, 0.011860238388180733, 0.09014315158128738, False, 0.40116745233535767, 1.3205327987670898, 0.6151139736175537, 0.013023351319134235, 0.1430235356092453, False, 0.5517474412918091, 1.3646814823150635, 0.26482388377189636, 0.0121417585760355, 0.19914738833904266, False, 0.4101768434047699, 1.3635681867599487, 0.2851979732513428, 0.0115043418481946, 0.18832264840602875, False
0.6109375, 0.45, -0.41474682092666626, 0.9999904632568359, 0.9999939203262329, True, 0.6203125, 0.4395833333333333, -0.333842933177948, 0.9999455213546753, 0.9999866485595703, True, 0.6265625, 0.44166666666666665, -0.33478692173957825, 0.9999516010284424, 0.9999878406524658, True, 0.6328125, 0.44375, -0.3347299098968506, 0.9999487400054932, 0.9999830722808838, True, 0.60625, 0.4354166666666667, -0.3255094885826111, 0.9999639987945557, 0.9999837875366211, True, 0.603125, 0.4354166666666667, -0.32638058066368103, 0.9999765157699585, 0.9999864101409912, True, 0.5984375, 0.4354166666666667, -0.3269537389278412, 0.9999725818634033, 0.999982476234436, True, 0.640625, 0.45416666666666666, 0.04836379736661911, 0.9999732971191406, 0.9999872446060181, True, 0.59375, 0.44583333333333336, 0.08953501284122467, 0.9999531507492065, 0.9999819993972778, True, 0.61875, 0.4708333333333333, -0.2695281505584717, 0.9999631643295288, 0.999991774559021, True, 0.6015625, 0.4666666666666667, -0.2630741000175476, 0.9999618530273438, 0.9999831914901733, True, 0.6734375, 0.55625, 0.21673429012298584, 0.9999762773513794, 0.999993085861206, True, 0.5484375, 0.5270833333333333, 0.1783650815486908, 0.9999595880508423, 0.9999634027481079, True, 0.7, 0.6791666666666667, 0.18650931119918823, 0.8662073016166687, 0.9998350143432617, True, 0.45625, 0.5479166666666667, -0.41552117466926575, 0.9583993554115295, 0.99952232837677, True, 0.73125, 0.7916666666666666, -0.17995835840702057, 0.9390398263931274, 0.9996675252914429, True, 0.4734375, 0.42916666666666664, -1.2297950983047485, 0.9987493753433228, 0.9999974966049194, True, 0.7421875, 0.825, -0.2549894452095032, 0.9582261443138123, 0.9985387325286865, True, 0.4796875, 0.39791666666666664, -1.418779730796814, 0.9985622763633728, 0.9999954700469971, True, 0.7421875, 0.825, -0.3563225567340851, 0.9671361446380615, 0.9985542893409729, True, 0.490625, 0.3958333333333333, -1.3809094429016113, 0.9984872341156006, 0.9999971389770508, True, 0.734375, 0.8145833333333333, -0.22673848271369934, 0.9654029011726379, 0.9992592930793762, True, 0.4921875, 0.4083333333333333, -1.2449864149093628, 0.998290479183197, 0.9999986886978149, True, 0.6328125, 0.7916666666666666, 0.03741414099931717, 0.9984006285667419, 0.998997151851654, True, 0.55, 0.7833333333333333, -0.03849324956536293, 0.9987221360206604, 0.9986892342567444, True, 0.640625, 0.9916666666666667, -0.11709146946668625, 0.04005645960569382, 0.6896200180053711, True, 0.559375, 0.9833333333333333, -0.23463614284992218, 0.0755351111292839, 0.8574338555335999, True, 0.6076318025588989, 1.2192186117172241, 0.5010895133018494, 0.017749805003404617, 0.23174890875816345, False, 0.36637771129608154, 1.2233870029449463, 0.3809449076652527, 0.025892358273267746, 0.2419578731060028, False, 0.599894642829895, 1.2565717697143555, 0.5413863062858582, 0.024819647893309593, 0.13662317395210266, False, 0.3671277165412903, 1.2671997547149658, 0.4306972026824951, 0.020220555365085602, 0.21259066462516785, False, 0.5951595306396484, 1.295742154121399, 0.20462250709533691, 0.021911807358264923, 0.24179008603096008, False, 0.3893396854400635, 1.2995612621307373, 0.09288998693227768, 0.0175141841173172, 0.2088966965675354, False
0.578125, 0.43333333333333335, -0.3106257915496826, 0.999762237071991, 0.9997698664665222, True, 0.5890625, 0.42083333333333334, -0.2724483013153076, 0.9985305070877075, 0.9996135830879211, True, 0.59375, 0.42291666666666666, -0.27346736192703247, 0.9988334774971008, 0.9996612071990967, True, 0.6, 0.42291666666666666, -0.273384690284729, 0.9987624883651733, 0.9995483756065369, True, 0.578125, 0.42291666666666666, -0.2303144782781601, 0.9990752935409546, 0.9996366500854492, True, 0.5765625, 0.425, -0.23138542473316193, 0.9995251893997192, 0.9997579455375671, True, 0.575, 0.425, -0.23222677409648895, 0.9995352029800415, 0.9997603297233582, True, 0.61875, 0.4375, -0.07266902923583984, 0.9993962049484253, 0.9996727705001831, True, 0.584375, 0.4354166666666667, 0.1238882839679718, 0.9991598129272461, 0.9998049139976501, True, 0.5890625, 0.45416666666666666, -0.23043192923069, 0.9995991587638855, 0.9999003410339355, True, 0.578125, 0.45208333333333334, -0.17912375926971436, 0.9995483756065369, 0.9998179078102112, True, 0.671875, 0.5520833333333334, 0.05580633506178856, 0.9999148845672607, 0.9999597072601318, True, 0.54375, 0.53125, 0.19148777425289154, 0.9999253749847412, 0.999921441078186, True, 0.6984375, 0.6791666666666667, 0.151372030377388, 0.7378136515617371, 0.9994528889656067, True, 0.45, 0.5541666666666667, -0.30181512236595154, 0.9170209765434265, 0.9996066689491272, True, 0.7328125, 0.7958333333333333, -0.013584652915596962, 0.7834015488624573, 0.9988803267478943, True, 0.4265625, 0.4375, -1.1891980171203613, 0.9969731569290161, 0.9999905824661255, True, 0.7421875, 0.8291666666666667, -0.06122239679098129, 0.8369522094726562, 0.9958622455596924, True, 0.41875, 0.40625, -1.3914382457733154, 0.9964776635169983, 0.9999798536300659, True, 0.74375, 0.8291666666666667, -0.17634809017181396, 0.8656497001647949, 0.9957045912742615, True, 0.43125, 0.4041666666666667, -1.381727695465088, 0.9965644478797913, 0.999984860420227, True, 0.7359375, 0.8208333333333333, -0.059290748089551926, 0.8555723428726196, 0.9975354671478271, True, 0.4359375, 0.41458333333333336, -1.2216565608978271, 0.9962518811225891, 0.999993085861206, True, 0.6328125, 0.8041666666666667, -0.0004014106816612184, 0.9949169158935547, 0.9947206974029541, True, 0.5515625, 0.7979166666666667, -0.0004128223517909646, 0.9967965483665466, 0.9956713914871216, True, 0.6506556868553162, 1.004172921180725, -0.12514634430408478, 0.012742285616695881, 0.2984333634376526, False, 0.43189582228660583, 1.0096217393875122, -0.0969008356332779, 0.02330172248184681, 0.5546062588691711, False, 0.5859338641166687, 1.3128491640090942, 0.5686832666397095, 0.00373655091971159, 0.04573087766766548, False, 0.38988196849823, 1.3026328086853027, 0.5965685844421387, 0.005487967748194933, 0.04612458497285843, False, 0.5820703506469727, 1.3531078100204468, 0.6156875491142273, 0.0058049727231264114, 0.029490472748875618, False, 0.387567400932312, 1.350077509880066, 0.6521881222724915, 0.006369799841195345, 0.0531868040561676, False, 0.542884111404419, 1.3916434049606323, 0.2644311785697937, 0.0042581865563988686, 0.08530799299478531, False, 0.39891305565834045, 1.3854053020477295, 0.3137025237083435, 0.004144609905779362, 0.08166968822479248, False
0.6234375, 0.21666666666666667, 0.08493324369192123, 0.9999536275863647, 0.999984860420227, True, 0.6328125, 0.2, 0.1628260761499405, 0.9997854828834534, 0.9999592304229736, True, 0.6421875, 0.20208333333333334, 0.16196377575397491, 0.9997443556785583, 0.9999608993530273, True, 0.6484375, 0.20416666666666666, 0.16194048523902893, 0.9998049139976501, 0.9999415874481201, True, 0.6125, 0.20208333333333334, 0.16784314811229706, 0.9998794794082642, 0.9999544620513916, True, 0.60625, 0.20416666666666666, 0.16689787805080414, 0.9998952150344849, 0.9999628067016602, True, 0.6, 0.20625, 0.16624751687049866, 0.9999139308929443, 0.9999511241912842, True, 0.6578125, 0.21875, 0.48035359382629395, 0.9998557567596436, 0.9999704360961914, True, 0.5921875, 0.22291666666666668, 0.5078707337379456, 0.999769389629364, 0.9999581575393677, True, 0.6375, 0.24791666666666667, 0.20477880537509918, 0.9998189806938171, 0.9999791383743286, True, 0.6125, 0.24791666666666667, 0.20722217857837677, 0.9997867941856384, 0.99994957447052, True, 0.71875, 0.35, 0.592265248298645, 0.9999370574951172, 0.9999818801879883, True, 0.5484375, 0.3645833333333333, 0.5538618564605713, 0.999873161315918, 0.9998959302902222, True, 0.7640625, 0.5041666666666667, 0.8128032684326172, 0.25144803524017334, 0.9998437166213989, True, 0.4359375, 0.42916666666666664, 0.08811742067337036, 0.7890116572380066, 0.9995885491371155, True, 0.81875, 0.6520833333333333, 0.8457792401313782, 0.2898230254650116, 0.9993938207626343, True, 0.41875, 0.25833333333333336, -0.5893650650978088, 0.9704980850219727, 0.9999828338623047, True, 0.8328125, 0.68125, 0.8604768514633179, 0.31938889622688293, 0.9969239830970764, True, 0.415625, 0.21458333333333332, -0.7326576709747314, 0.9612645506858826, 0.9999582767486572, True, 0.8421875, 0.6770833333333334, 0.7639806270599365, 0.35483765602111816, 0.9969233870506287, True, 0.4234375, 0.20625, -0.7024027705192566, 0.9584503769874573, 0.9999679327011108, True, 0.83125, 0.66875, 0.8116430044174194, 0.34914588928222656, 0.9985509514808655, True, 0.4296875, 0.22083333333333333, -0.6046380400657654, 0.9512553215026855, 0.9999866485595703, True, 0.6921875, 0.68125, 0.014415518380701542, 0.9987003803253174, 0.999639630317688, True, 0.5734375, 0.6854166666666667, -0.015213596634566784, 0.999085545539856, 0.9996618032455444, True, 0.7015625, 0.9708333333333333, -0.06567481905221939, 0.015314528718590736, 0.9124568104743958, True, 0.5375, 0.9666666666666667, -0.30657076835632324, 0.029718169942498207, 0.9644629955291748, True, 0.7155476212501526, 1.225022554397583, 0.42342400550842285, 0.003973437938839197, 0.3330199420452118, False, 0.32442325353622437, 1.220516562461853, 0.1829102635383606, 0.005267418920993805, 0.38081249594688416, False, 0.7096543312072754, 1.2645721435546875, 0.4546266198158264, 0.00564127741381526, 0.1895279586315155, False, 0.3427439332008362, 1.2620620727539062, 0.2226228266954422, 0.005408125929534435, 0.34795090556144714, False, 0.7220718860626221, 1.3071644306182861, 0.16564221680164337, 0.003505238564684987, 0.22006139159202576, False, 0.30022281408309937, 1.3061645030975342, -0.07118949294090271, 0.003722023218870163, 0.235179603099823, False
0.6890625, 0.25833333333333336, 0.10487363487482071, 0.9999475479125977, 0.9999774694442749, True, 0.6921875, 0.23541666666666666, 0.18470758199691772, 0.9997639060020447, 0.9999580383300781, True, 0.6953125, 0.23541666666666666, 0.18380939960479736, 0.9997623562812805, 0.999964714050293, True, 0.6984375, 0.2375, 0.18365369737148285, 0.9998149275779724, 0.9999548196792603, True, 0.68125, 0.23333333333333334, 0.1543419510126114, 0.9998471736907959, 0.9999415874481201, True, 0.6734375, 0.23125, 0.15347184240818024, 0.9998795986175537, 0.9999498128890991, True, 0.665625, 0.22708333333333333, 0.1530238538980484, 0.9998878240585327, 0.9999333620071411, True, 0.678125, 0.23958333333333334, 0.5362650752067566, 0.9998953342437744, 0.9999792575836182, True, 0.634375, 0.22708333333333333, 0.3975714147090912, 0.9997110962867737, 0.9999271631240845, True, 0.6859375, 0.2791666666666667, 0.24231916666030884, 0.9998633861541748, 0.9999760389328003, True, 0.6703125, 0.27708333333333335, 0.19621296226978302, 0.9998437166213989, 0.9999431371688843, True, 0.71875, 0.35625, 0.6178950071334839, 0.9999767541885376, 0.9999934434890747, True, 0.546875, 0.35833333333333334, 0.5137563347816467, 0.9998770952224731, 0.9998635053634644, True, 0.7609375, 0.5104166666666666, 0.8255470395088196, 0.7777118682861328, 0.9999674558639526, True, 0.428125, 0.43333333333333335, 0.1322147697210312, 0.9321635961532593, 0.9993970394134521, True, 0.8125, 0.64375, 0.6809260249137878, 0.9053578972816467, 0.999909520149231, True, 0.3984375, 0.26666666666666666, -0.5340641140937805, 0.9908814430236816, 0.9999594688415527, True, 0.828125, 0.6729166666666667, 0.660748302936554, 0.8711649775505066, 0.9994903802871704, True, 0.3828125, 0.225, -0.6670446395874023, 0.9878718852996826, 0.9999027252197266, True, 0.8328125, 0.6625, 0.5664433240890503, 0.8886816501617432, 0.9994243383407593, True, 0.3953125, 0.21666666666666667, -0.67530757188797, 0.988295316696167, 0.9999237060546875, True, 0.8234375, 0.6541666666666667, 0.6408761143684387, 0.8738369345664978, 0.9997366070747375, True, 0.403125, 0.23333333333333334, -0.5622377991676331, 0.9842734336853027, 0.9999659061431885, True, 0.6890625, 0.6875, 0.034281857311725616, 0.9982016086578369, 0.9991034865379333, True, 0.5703125, 0.6875, -0.035003550350666046, 0.998034656047821, 0.9983106851577759, True, 0.7, 0.9833333333333333, -0.18699979782104492, 0.07772490382194519, 0.8613156676292419, True, 0.5328125, 0.9645833333333333, -0.43183648586273193, 0.09504028409719467, 0.8699029088020325, True, 0.7027187347412109, 1.2488958835601807, 0.2394385188817978, 0.00715761911123991, 0.17679056525230408, False, 0.31738442182540894, 1.213163137435913, -0.0006693380419164896, 0.009743688628077507, 0.16615132987499237, False, 0.6922991871833801, 1.285707712173462, 0.26681241393089294, 0.008740553632378578, 0.09896606206893921, False, 0.34545060992240906, 1.2848212718963623, 0.03279496356844902, 0.008202784694731236, 0.16185499727725983, False, 0.7068972587585449, 1.3417935371398926, -0.0069039189256727695, 0.0064442576840519905, 0.1374567300081253, False, 0.3339884877204895, 1.338958740234375, -0.2659453749656677, 0.006324674002826214, 0.12196990102529526, False
0.5734375, 0.24791666666666667, 0.28147944808006287, 0.9999035596847534, 0.9999734163284302, True, 0.58125, 0.225, 0.3135436475276947, 0.999686598777771, 0.9999454021453857, True, 0.5859375, 0.22291666666666668, 0.31275105476379395, 0.9996299743652344, 0.9999520778656006, True, 0.5921875, 0.22083333333333333, 0.3128359317779541, 0.9997555613517761, 0.9999361038208008, True, 0.575, 0.22916666666666666, 0.3636700510978699, 0.9997711777687073, 0.9999388456344604, True, 0.575, 0.22916666666666666, 0.3624706268310547, 0.9998044371604919, 0.9999537467956543, True, 0.5734375, 0.22916666666666666, 0.3617418706417084, 0.9998601675033569, 0.9999468326568604, True, 0.6234375, 0.22916666666666666, 0.4542972445487976, 0.9998286962509155, 0.9999667406082153, True, 0.5890625, 0.2375, 0.6890366077423096, 0.9996316432952881, 0.9999599456787109, True, 0.5890625, 0.26666666666666666, 0.3385030925273895, 0.9998912811279297, 0.9999864101409912, True, 0.58125, 0.2708333333333333, 0.4007502794265747, 0.9998297691345215, 0.9999632835388184, True, 0.721875, 0.35, 0.5178346633911133, 0.9999748468399048, 0.999992847442627, True, 0.55, 0.37083333333333335, 0.6721252799034119, 0.9999421834945679, 0.9999607801437378, True, 0.765625, 0.5083333333333333, 0.6117958426475525, 0.7047158479690552, 0.9999462366104126, True, 0.4421875, 0.42916666666666664, 0.14337058365345, 0.917432963848114, 0.9998621940612793, True, 0.8171875, 0.6520833333333333, 0.4927945137023926, 0.8075501322746277, 0.9998929500579834, True, 0.459375, 0.27291666666666664, -0.7035439014434814, 0.9843410849571228, 0.9999901056289673, True, 0.8359375, 0.68125, 0.46692439913749695, 0.7970383167266846, 0.9994016885757446, True, 0.4578125, 0.23333333333333334, -0.8777148127555847, 0.972481369972229, 0.9999721050262451, True, 0.8421875, 0.6770833333333334, 0.3726678788661957, 0.8147395253181458, 0.9994513392448425, True, 0.4734375, 0.23125, -0.8444657921791077, 0.970054030418396, 0.9999774694442749, True, 0.8296875, 0.66875, 0.45828309655189514, 0.7848418354988098, 0.9997450709342957, True, 0.478125, 0.24791666666666667, -0.7229956388473511, 0.9639826416969299, 0.9999904632568359, True, 0.69375, 0.6770833333333334, -0.027362387627363205, 0.9992833733558655, 0.9997585415840149, True, 0.5796875, 0.6729166666666667, 0.026387913152575493, 0.9994608759880066, 0.9997770190238953, True, 0.6953125, 0.9625, -0.2657364010810852, 0.03227948397397995, 0.9291806817054749, True, 0.5375, 0.95, -0.3323945999145508, 0.07545435428619385, 0.96598219871521, True, 0.6461894512176514, 1.2336680889129639, 0.13740074634552002, 0.007049341220408678, 0.32189711928367615, False, 0.24564258754253387, 1.1821564435958862, 0.13252268731594086, 0.007450582925230265, 0.29704397916793823, False, 0.6389220356941223, 1.2710964679718018, 0.15714572370052338, 0.006657805759459734, 0.18028412759304047, False, 0.2738882899284363, 1.2628390789031982, 0.17082136869430542, 0.007745412178337574, 0.2877594232559204, False, 0.6119747161865234, 1.3204929828643799, -0.1985509842634201, 0.006023345049470663, 0.22613723576068878, False, 0.23791871964931488, 1.3202433586120605, -0.13380363583564758, 0.006450974848121405, 0.24100171029567719, False
0.6890625, 0.25625, 0.2111290544271469, 0.9999712705612183, 0.9999904632568359, True, 0.690625, 0.23541666666666666, 0.2905775010585785, 0.9998985528945923, 0.999983549118042, True, 0.69375, 0.23541666666666666, 0.28970542550086975, 0.9998971223831177, 0.9999856948852539, True, 0.6984375, 0.23541666666666666, 0.28961220383644104, 0.9999191761016846, 0.9999809265136719, True, 0.678125, 0.22916666666666666, 0.2651965022087097, 0.99992835521698, 0.9999743700027466, True, 0.6703125, 0.22708333333333333, 0.2643601596355438, 0.9999380111694336, 0.9999760389328003, True, 0.6625, 0.225, 0.2639147937297821, 0.9999409914016724, 0.9999666213989258, True, 0.6796875, 0.24375, 0.6176685094833374, 0.9999494552612305, 0.9999915361404419, True, 0.634375, 0.225, 0.5013453364372253, 0.9998229146003723, 0.9999620914459229, True, 0.6828125, 0.27708333333333335, 0.33793315291404724, 0.9999052286148071, 0.9999825954437256, True, 0.66875, 0.27291666666666664, 0.2982082664966583, 0.9998817443847656, 0.9999521970748901, True, 0.71875, 0.3625, 0.6649489402770996, 0.9999711513519287, 0.9999916553497314, True, 0.5453125, 0.3625, 0.6146570444107056, 0.9998014569282532, 0.999743640422821, True, 0.7609375, 0.5104166666666666, 0.8738022446632385, 0.6698243021965027, 0.9999607801437378, True, 0.425, 0.4354166666666667, 0.42105069756507874, 0.8455215096473694, 0.9993246793746948, True, 0.8125, 0.6416666666666667, 0.786041796207428, 0.8136884570121765, 0.9999256134033203, True, 0.365625, 0.28958333333333336, -0.01492942962795496, 0.9373898506164551, 0.9998277425765991, True, 0.8265625, 0.6729166666666667, 0.7763877511024475, 0.7230862379074097, 0.9995688796043396, True, 0.3421875, 0.2520833333333333, -0.10290088504552841, 0.9100129008293152, 0.999480664730072, True, 0.8296875, 0.6708333333333333, 0.6894287467002869, 0.7485232949256897, 0.9995383024215698, True, 0.3515625, 0.2375, -0.12553872168064117, 0.9164407253265381, 0.99955815076828, True, 0.8203125, 0.6604166666666667, 0.7498515844345093, 0.7147668600082397, 0.9997931122779846, True, 0.3640625, 0.25625, -0.04332924261689186, 0.8971367478370667, 0.9997976422309875, True, 0.6921875, 0.6979166666666666, 0.024128830060362816, 0.9983950257301331, 0.9992905855178833, True, 0.571875, 0.69375, -0.024659087881445885, 0.9978837370872498, 0.9983940720558167, True, 0.69375, 0.9895833333333334, -0.17263610661029816, 0.09070099145174026, 0.9262180924415588, True, 0.5359375, 0.9708333333333333, -0.23902343213558197, 0.06611479818820953, 0.8933696746826172, True, 0.6915329098701477, 1.2738101482391357, 0.14256340265274048, 0.005699393805116415, 0.23348364233970642, False, 0.396308571100235, 1.2530897855758667, 0.2287958264350891, 0.004945870954543352, 0.1749458909034729, False, 0.6852778792381287, 1.3077253103256226, 0.16139529645442963, 0.006124232430011034, 0.12450531125068665, False, 0.40030694007873535, 1.2873343229293823, 0.2681446373462677, 0.004934778902679682, 0.19419264793395996, False, 0.6596498489379883, 1.3747190237045288, -0.11774113029241562, 0.004772850312292576, 0.15443018078804016, False, 0.3986917734146118, 1.3562161922454834, 0.010043407790362835, 0.003468004986643791, 0.1491064727306366, False
0.98125, 0.09791666666666667, -0.41669756174087524, 0.997789740562439, 0.9961789846420288, True, 0.971875, 0.06875, -0.30980294942855835, 0.9964214563369751, 0.9963400363922119, True, 0.9734375, 0.06875, -0.3113653063774109, 0.9959497451782227, 0.9966469407081604, True, 0.9734375, 0.06666666666666667, -0.31126663088798523, 0.9971266388893127, 0.9955626726150513, True, 0.9625, 0.07291666666666667, -0.4447435438632965, 0.9986956715583801, 0.9968872666358948, True, 0.9546875, 0.075, -0.4466921389102936, 0.9989778995513916, 0.9978541731834412, True, 0.9484375, 0.07708333333333334, -0.447831392288208, 0.9993477463722229, 0.9978784322738647, True, 0.9484375, 0.08541666666666667, 0.17301085591316223, 0.9979978203773499, 0.9966609477996826, True, 0.91875, 0.09583333333333334, -0.42919671535491943, 0.9988400340080261, 0.9977546334266663, True, 0.9765625, 0.12708333333333333, -0.21390676498413086, 0.9974719882011414, 0.9968053102493286, True, 0.965625, 0.12916666666666668, -0.3978865146636963, 0.9983304142951965, 0.9957083463668823, True, 0.9640625, 0.21041666666666667, 0.589695930480957, 0.9986497759819031, 0.99822598695755, True, 0.8515625, 0.2604166666666667, -0.4977211654186249, 0.9992309808731079, 0.9991143345832825, True, 0.975, 0.24166666666666667, 1.0771015882492065, 0.09467551112174988, 0.9833773374557495, True, 0.7140625, 0.38333333333333336, -0.9507352709770203, 0.9452661871910095, 0.9904503226280212, True, 0.98125, 0.16666666666666666, 1.0735447406768799, 0.03371986374258995, 0.9764726758003235, True, 0.6453125, 0.23125, -1.5489308834075928, 0.9706205129623413, 0.9987742304801941, True, 0.978125, 0.15, 1.095298409461975, 0.05814078450202942, 0.9613935947418213, True, 0.63125, 0.2, -1.7285374402999878, 0.9635698795318604, 0.99806147813797, True, 0.9703125, 0.13541666666666666, 0.9754701852798462, 0.06273765116930008, 0.9620612263679504, True, 0.6390625, 0.18333333333333332, -1.7001898288726807, 0.9669302105903625, 0.9983108043670654, True, 0.971875, 0.13958333333333334, 1.02238929271698, 0.06801286339759827, 0.972602128982544, True, 0.6484375, 0.19375, -1.5567569732666016, 0.9545606970787048, 0.9989520311355591, True, 0.959375, 0.6208333333333333, 0.3351671099662781, 0.9960748553276062, 0.9972519278526306, True, 0.9140625, 0.63125, -0.3362244665622711, 0.9975420236587524, 0.9986774325370789, True, 0.96875, 0.9458333333333333, 0.6594028472900391, 0.07877910137176514, 0.9449813365936279, True, 0.953125, 0.9479166666666666, -0.6897352337837219, 0.5747076869010925, 0.9870147705078125, True, 0.7890625, 0.88125, 1.4323920011520386, 0.030480967834591866, 0.9282140135765076, True, 0.7640625, 0.9145833333333333, 0.24031610786914825, 0.17912796139717102, 0.9654228091239929, True, 0.7859375, 0.8916666666666667, 1.498345971107483, 0.09693792462348938, 0.9107948541641235, True, 0.746875, 0.875, 0.35656610131263733, 0.2751353979110718, 0.9773504734039307, True, 0.7140625, 0.9041666666666667, 1.495153784751892, 0.0458572618663311, 0.9543933868408203, True, 0.740625, 0.9770833333333333, 0.4013446271419525, 0.16440171003341675, 0.9654571413993835, True
0.8375, 0.1375, -0.25607842206954956, 0.9951533079147339, 0.9977949857711792, True, 0.8421875, 0.11041666666666666, -0.22753730416297913, 0.9898838996887207, 0.997816801071167, True, 0.846875, 0.10625, -0.22893141210079193, 0.9882254600524902, 0.9978979825973511, True, 0.853125, 0.10625, -0.22884684801101685, 0.9913342595100403, 0.9969955682754517, True, 0.8359375, 0.1125, -0.1443416327238083, 0.9937136769294739, 0.9979538917541504, True, 0.8375, 0.11041666666666666, -0.14628374576568604, 0.9948022365570068, 0.9985195994377136, True, 0.8375, 0.11041666666666666, -0.14737308025360107, 0.9970665574073792, 0.9985841512680054, True, 0.8828125, 0.1, -0.06518255919218063, 0.9934096336364746, 0.9967997074127197, True, 0.8609375, 0.10833333333333334, 0.3165222704410553, 0.9931507110595703, 0.9985544085502625, True, 0.8578125, 0.15833333333333333, -0.18327933549880981, 0.9930336475372314, 0.997647225856781, True, 0.85, 0.16041666666666668, -0.08358418196439743, 0.994138240814209, 0.9967197775840759, True, 0.934375, 0.21041666666666667, -0.0478803925216198, 0.9988001585006714, 0.9971029162406921, True, 0.84375, 0.27291666666666664, 0.5647562146186829, 0.9993707537651062, 0.9985058307647705, True, 0.965625, 0.0875, 0.2005608081817627, 0.7439638376235962, 0.9976139068603516, True, 0.7140625, 0.38125, 0.6656157374382019, 0.7038025856018066, 0.9986076951026917, True, 0.946875, 0.035416666666666666, 0.6508848667144775, 0.22410570085048676, 0.9934297204017639, True, 0.61875, 0.27291666666666664, 0.19195924699306488, 0.876076877117157, 0.9996328353881836, True, 0.940625, 0.04375, 0.6542127132415771, 0.1703774482011795, 0.9782713055610657, True, 0.6, 0.24166666666666667, 0.07037076354026794, 0.819873034954071, 0.9988933205604553, True, 0.9421875, 0.04375, 0.5947152972221375, 0.1781225949525833, 0.9780105948448181, True, 0.6015625, 0.225, 0.016060005873441696, 0.8370938897132874, 0.9988197684288025, True, 0.9421875, 0.04583333333333333, 0.6376446485519409, 0.19710111618041992, 0.9874368906021118, True, 0.6109375, 0.23541666666666666, 0.13884274661540985, 0.821073055267334, 0.9993972778320312, True, 0.959375, 0.6145833333333334, -0.1698184460401535, 0.9946887493133545, 0.9941602945327759, True, 0.9171875, 0.6270833333333333, 0.16862159967422485, 0.9964679479598999, 0.9957383871078491, True, 0.9890625, 0.95, -0.3599759340286255, 0.12671911716461182, 0.8728384971618652, True, 0.940625, 0.91875, 0.14028668403625488, 0.045225873589515686, 0.9448356628417969, True, 1.0650309324264526, 1.098092794418335, 0.8042080402374268, 0.007500759791582823, 0.47397249937057495, False, 0.8674221634864807, 1.059365153312683, 1.2432944774627686, 0.004269144497811794, 0.5083974599838257, False, 1.0757689476013184, 1.1018496751785278, 0.9237841367721558, 0.013715945184230804, 0.42109817266464233, False, 0.8761453628540039, 1.0751409530639648, 1.36028254032135, 0.009401419200003147, 0.6516596078872681, False, 0.9999332427978516, 1.1658260822296143, 0.7943201065063477, 0.006498122122138739, 0.5807808637619019, False, 0.8564926385879517, 1.106917381286621, 1.263594627380371, 0.0038406059611588717, 0.6741533875465393, False
0.3546875, 0.3541666666666667, -0.1946745365858078, 0.9999374151229858, 0.9999276399612427, True, 0.3640625, 0.33958333333333335, -0.132503941655159, 0.9996926784515381, 0.9998924732208252, True, 0.3671875, 0.3416666666666667, -0.133655846118927, 0.9997590184211731, 0.9999226331710815, True, 0.3703125, 0.34375, -0.13383394479751587, 0.9997970461845398, 0.9999129772186279, True, 0.353125, 0.32916666666666666, -0.14789316058158875, 0.9997552037239075, 0.9998189806938171, True, 0.346875, 0.325, -0.1487778276205063, 0.9998316764831543, 0.9998437166213989, True, 0.3421875, 0.31875, -0.1492425501346588, 0.999821126461029, 0.9998044371604919, True, 0.3578125, 0.3416666666666667, 0.18576237559318542, 0.9999264478683472, 0.9999638795852661, True, 0.31875, 0.3104166666666667, 0.11491822451353073, 0.9996588230133057, 0.9998012185096741, True, 0.3484375, 0.3729166666666667, -0.065736323595047, 0.9998960494995117, 0.9999650716781616, True, 0.3359375, 0.3645833333333333, -0.09285388141870499, 0.9998669624328613, 0.999907374382019, True, 0.3703125, 0.45208333333333334, 0.28849276900291443, 0.999988317489624, 0.9999971389770508, True, 0.21875, 0.40625, 0.26453566551208496, 0.9999089241027832, 0.9998730421066284, True, 0.3921875, 0.5791666666666667, 0.47288551926612854, 0.9397535920143127, 0.9999830722808838, True, 0.090625, 0.42916666666666664, -0.1485218107700348, 0.9296841621398926, 0.999369204044342, True, 0.4140625, 0.7166666666666667, 0.27780112624168396, 0.9766167998313904, 0.9999569654464722, True, 0.071875, 0.275, -0.8893803954124451, 0.9940361976623535, 0.9999661445617676, True, 0.4234375, 0.7520833333333333, 0.23105213046073914, 0.968705415725708, 0.9997337460517883, True, 0.0609375, 0.23541666666666666, -1.048856258392334, 0.9934765696525574, 0.9999266862869263, True, 0.4203125, 0.7541666666666667, 0.12141462415456772, 0.973453164100647, 0.9996821880340576, True, 0.078125, 0.23125, -1.0728002786636353, 0.9939928650856018, 0.9999425411224365, True, 0.4125, 0.7416666666666667, 0.23037153482437134, 0.9699791669845581, 0.9998579025268555, True, 0.0859375, 0.24791666666666667, -0.9294826984405518, 0.9930586814880371, 0.9999746084213257, True, 0.2796875, 0.7291666666666666, 0.04398321732878685, 0.9995300769805908, 0.9997901320457458, True, 0.1796875, 0.7020833333333333, -0.04481736198067665, 0.9992678761482239, 0.9993075132369995, True, 0.2625, 0.9666666666666667, -0.09751832485198975, 0.13938678801059723, 0.9685434103012085, True, 0.153125, 0.9458333333333333, -0.19295580685138702, 0.12677690386772156, 0.9528813362121582, True, 0.4730459749698639, 1.17857825756073, 0.5409888029098511, 0.024336887523531914, 0.5975061655044556, False, 0.23086029291152954, 1.1257621049880981, 0.44968271255493164, 0.0282451044768095, 0.4819262623786926, False, 0.4479791522026062, 1.2079076766967773, 0.5863971710205078, 0.021867744624614716, 0.4291676878929138, False, 0.20664441585540771, 1.1969618797302246, 0.5036765336990356, 0.019304640591144562, 0.4814106822013855, False, 0.4514791965484619, 1.2618423700332642, 0.2889556288719177, 0.024899860844016075, 0.5068010091781616, False, 0.2160167098045349, 1.2406524419784546, 0.19592227041721344, 0.01996525563299656, 0.41380003094673157, False
0.365625, 0.35208333333333336, -0.22626928985118866, 0.9999289512634277, 0.9999072551727295, True, 0.3734375, 0.33541666666666664, -0.1507391482591629, 0.9996147155761719, 0.9998503923416138, True, 0.3765625, 0.3375, -0.1519370824098587, 0.999699592590332, 0.999885082244873, True, 0.378125, 0.33958333333333335, -0.15211661159992218, 0.9997053742408752, 0.9998663663864136, True, 0.3625, 0.32916666666666666, -0.17769312858581543, 0.9997585415840149, 0.9997988343238831, True, 0.35625, 0.325, -0.1786373257637024, 0.9998539686203003, 0.9998403787612915, True, 0.3515625, 0.32083333333333336, -0.17921952903270721, 0.9998390674591064, 0.9998117089271545, True, 0.3625, 0.33958333333333335, 0.2210771143436432, 0.9999090433120728, 0.9999439716339111, True, 0.3234375, 0.3104166666666667, 0.0987066775560379, 0.9997789263725281, 0.999834418296814, True, 0.359375, 0.37083333333333335, -0.07737381756305695, 0.9998852014541626, 0.9999608993530273, True, 0.346875, 0.3625, -0.11956413090229034, 0.9998857975006104, 0.9999161958694458, True, 0.375, 0.45, 0.35363996028900146, 0.999985933303833, 0.9999960660934448, True, 0.225, 0.40625, 0.23747587203979492, 0.9999418258666992, 0.99992835521698, True, 0.396875, 0.58125, 0.5589848756790161, 0.8566532135009766, 0.9999523162841797, True, 0.1, 0.43333333333333335, -0.3414034843444824, 0.9407300353050232, 0.9992842078208923, True, 0.4171875, 0.7208333333333333, 0.369992733001709, 0.9515877962112427, 0.9998713731765747, True, 0.103125, 0.27708333333333335, -1.241773009300232, 0.9982269406318665, 0.9999914169311523, True, 0.425, 0.7604166666666666, 0.3313276171684265, 0.956185519695282, 0.9993802309036255, True, 0.096875, 0.23333333333333334, -1.4385333061218262, 0.9982907176017761, 0.9999852180480957, True, 0.421875, 0.7583333333333333, 0.2122865468263626, 0.9640422463417053, 0.9992572665214539, True, 0.1140625, 0.22916666666666666, -1.4299960136413574, 0.9983408451080322, 0.99998939037323, True, 0.4140625, 0.7458333333333333, 0.31995609402656555, 0.9614061713218689, 0.9996362924575806, True, 0.11875, 0.24583333333333332, -1.2723405361175537, 0.9979105591773987, 0.9999951124191284, True, 0.2859375, 0.7333333333333333, 0.051992446184158325, 0.9991820454597473, 0.9994839429855347, True, 0.190625, 0.70625, -0.052885740995407104, 0.9990493655204773, 0.9989187717437744, True, 0.2703125, 0.975, -0.06375865638256073, 0.11329930275678635, 0.9022651314735413, True, 0.15625, 0.9583333333333334, -0.2592765986919403, 0.12167760729789734, 0.915799081325531, True, 0.46046334505081177, 1.2046244144439697, 0.6638569831848145, 0.030170584097504616, 0.40027523040771484, False, 0.16989672183990479, 1.1834213733673096, 0.41419947147369385, 0.037796322256326675, 0.41849789023399353, False, 0.4440493583679199, 1.2377099990844727, 0.7160580158233643, 0.026921620592474937, 0.2611854374408722, False, 0.1659199297428131, 1.2216026782989502, 0.46981126070022583, 0.024665703997015953, 0.396904319524765, False, 0.4173218905925751, 1.2879300117492676, 0.38844725489616394, 0.03111202083528042, 0.37115269899368286, False, 0.17191600799560547, 1.2621212005615234, 0.11529959738254547, 0.025365039706230164, 0.33958157896995544, False
0.375, 0.3541666666666667, -0.5180901885032654, 0.9999871253967285, 0.9999964237213135, True, 0.3796875, 0.3333333333333333, -0.41252729296684265, 0.9999438524246216, 0.9999922513961792, True, 0.384375, 0.33541666666666664, -0.4136112630367279, 0.9999475479125977, 0.9999929666519165, True, 0.3875, 0.3375, -0.41357144713401794, 0.9999459981918335, 0.9999903440475464, True, 0.365625, 0.32708333333333334, -0.43567830324172974, 0.9999650716781616, 0.9999898672103882, True, 0.359375, 0.325, -0.43675675988197327, 0.999976396560669, 0.9999911785125732, True, 0.3515625, 0.3229166666666667, -0.43731701374053955, 0.9999723434448242, 0.9999881982803345, True, 0.3796875, 0.34375, 0.10979938507080078, 0.9999679327011108, 0.999994158744812, True, 0.3328125, 0.32708333333333334, 0.01585332490503788, 0.9999346733093262, 0.999984860420227, True, 0.3734375, 0.3729166666666667, -0.3137516975402832, 0.9999657869338989, 0.9999948740005493, True, 0.35625, 0.36666666666666664, -0.3478713631629944, 0.9999632835388184, 0.9999881982803345, True, 0.4078125, 0.45208333333333334, 0.3336096704006195, 0.9999840259552002, 0.9999949932098389, True, 0.2578125, 0.42916666666666664, 0.18788157403469086, 0.9999573230743408, 0.9999386072158813, True, 0.41875, 0.5854166666666667, 0.264285147190094, 0.7246037721633911, 0.9997413754463196, True, 0.1421875, 0.42916666666666664, -0.6085124611854553, 0.9563648700714111, 0.9989207983016968, True, 0.4265625, 0.7145833333333333, -0.31674811244010925, 0.9142404794692993, 0.9998509883880615, True, 0.1515625, 0.2833333333333333, -1.7051494121551514, 0.9986125230789185, 0.9999932050704956, True, 0.4328125, 0.7541666666666667, -0.42790859937667847, 0.9419494271278381, 0.9995455145835876, True, 0.1453125, 0.24583333333333332, -1.938144326210022, 0.9985594153404236, 0.9999889135360718, True, 0.425, 0.7583333333333333, -0.5373067259788513, 0.9521554112434387, 0.9995755553245544, True, 0.1640625, 0.24375, -1.909549593925476, 0.9985296726226807, 0.9999934434890747, True, 0.415625, 0.74375, -0.37148553133010864, 0.9377434849739075, 0.9997672438621521, True, 0.1703125, 0.25833333333333336, -1.7284146547317505, 0.9977381229400635, 0.9999969005584717, True, 0.31875, 0.7270833333333333, 0.008657615631818771, 0.998754620552063, 0.9994301199913025, True, 0.221875, 0.70625, -0.00994583684951067, 0.9984753727912903, 0.9988277554512024, True, 0.303125, 0.8979166666666667, -1.3745431900024414, 0.32008475065231323, 0.9763888716697693, True, 0.190625, 0.93125, -0.5114314556121826, 0.0900290459394455, 0.9465919733047485, True, 0.44371068477630615, 1.13058340549469, -1.2351422309875488, 0.1597805619239807, 0.7518643736839294, False, 0.16597434878349304, 1.1299792528152466, 0.2968835234642029, 0.026222819462418556, 0.5529971718788147, False, 0.4224856495857239, 1.1699278354644775, -1.2489221096038818, 0.15725907683372498, 0.534582793712616, False, 0.16845905780792236, 1.1653536558151245, 0.3613097667694092, 0.030026273801922798, 0.5515682697296143, False, 0.40042781829833984, 1.2133407592773438, -1.8155648708343506, 0.20820027589797974, 0.5668247938156128, False, 0.14156466722488403, 1.2137253284454346, -0.0769258439540863, 0.02541402354836464, 0.5830503702163696, False
0.30625, 0.28958333333333336, -0.10418767482042313, 0.9998677968978882, 0.9999581575393677, True, 0.31875, 0.27708333333333335, -0.06143702566623688, 0.9995566010475159, 0.999920129776001, True, 0.325, 0.2791666666666667, -0.0625169649720192, 0.9995591044425964, 0.9999278783798218, True, 0.3328125, 0.28125, -0.06240211799740791, 0.999626636505127, 0.999908447265625, True, 0.309375, 0.2791666666666667, -0.006452415604144335, 0.9996746778488159, 0.9999085664749146, True, 0.3078125, 0.28125, -0.007755764294415712, 0.9997636675834656, 0.99992835521698, True, 0.30625, 0.28125, -0.008686352521181107, 0.9997891783714294, 0.9999194145202637, True, 0.3546875, 0.30416666666666664, 0.1627282351255417, 0.9997895359992981, 0.9999408721923828, True, 0.3140625, 0.29583333333333334, 0.4220244288444519, 0.9996253252029419, 0.9999337196350098, True, 0.3171875, 0.31875, -0.014422358013689518, 0.9998495578765869, 0.9999778270721436, True, 0.30625, 0.31666666666666665, 0.053826816380023956, 0.9998003840446472, 0.9999481439590454, True, 0.409375, 0.43333333333333335, 0.23864150047302246, 0.9999632835388184, 0.9999865293502808, True, 0.25625, 0.41041666666666665, 0.42302176356315613, 0.9999492168426514, 0.999957799911499, True, 0.4203125, 0.58125, 0.06409727782011032, 0.6745774745941162, 0.9997598528862, True, 0.140625, 0.4041666666666667, -0.3707126975059509, 0.9283488988876343, 0.9997431635856628, True, 0.4265625, 0.7145833333333333, -0.41336825489997864, 0.7912825345993042, 0.9998395442962646, True, 0.190625, 0.27291666666666664, -1.4489701986312866, 0.9917117357254028, 0.9999960660934448, True, 0.434375, 0.7541666666666667, -0.5267864465713501, 0.8590105175971985, 0.9993461966514587, True, 0.2046875, 0.24166666666666667, -1.6952539682388306, 0.9883302450180054, 0.9999911785125732, True, 0.4234375, 0.75625, -0.6201772093772888, 0.876532793045044, 0.9994553923606873, True, 0.2140625, 0.24166666666666667, -1.629122257232666, 0.9870151281356812, 0.9999940395355225, True, 0.4140625, 0.7395833333333334, -0.45607492327690125, 0.8448399305343628, 0.9997133612632751, True, 0.215625, 0.25833333333333336, -1.4626152515411377, 0.984193742275238, 0.9999973773956299, True, 0.321875, 0.7354166666666667, -0.04944643750786781, 0.9993589520454407, 0.9997676014900208, True, 0.2203125, 0.7104166666666667, 0.04832995682954788, 0.9995332956314087, 0.9997922778129578, True, 0.296875, 0.975, -0.4292081892490387, 0.032906945794820786, 0.9283148646354675, True, 0.18125, 0.9604166666666667, -0.2035697102546692, 0.06104322522878647, 0.9619163274765015, True, 0.4336596131324768, 1.21305251121521, 0.19884376227855682, 0.014031688682734966, 0.5239030122756958, False, 0.1265319585800171, 1.1978178024291992, 0.5725023150444031, 0.013307880610227585, 0.5522788763046265, False, 0.43232476711273193, 1.2468825578689575, 0.23494532704353333, 0.013142911717295647, 0.3513299226760864, False, 0.136532723903656, 1.2361329793930054, 0.6391480565071106, 0.015357068739831448, 0.5439997911453247, False, 0.3227003514766693, 1.2934186458587646, -0.22610555589199066, 0.014683985151350498, 0.4435887336730957, False, 0.07867178320884705, 1.2927896976470947, 0.2674659192562103, 0.011504949070513248, 0.4945862293243408, False
0.5453125, 0.675, -1.2704932689666748, 0.9998856782913208, 0.9996950626373291, True, 0.5484375, 0.6666666666666666, -1.211000680923462, 0.9994353652000427, 0.9994706511497498, True, 0.5515625, 0.6666666666666666, -1.212381362915039, 0.9994858503341675, 0.999535322189331, True, 0.553125, 0.66875, -1.2123700380325317, 0.9994716048240662, 0.9993495345115662, True, 0.540625, 0.6625, -1.2248494625091553, 0.9996108412742615, 0.9994314312934875, True, 0.5375, 0.6625, -1.2260268926620483, 0.9997460246086121, 0.9995808005332947, True, 0.534375, 0.6604166666666667, -1.2270288467407227, 0.9997376799583435, 0.9995155334472656, True, 0.553125, 0.6708333333333333, -0.7946682572364807, 0.9997005462646484, 0.9995357990264893, True, 0.528125, 0.6625, -0.858260452747345, 0.9995139837265015, 0.9994847774505615, True, 0.546875, 0.6854166666666667, -1.0966532230377197, 0.9996088147163391, 0.9996739625930786, True, 0.5390625, 0.6833333333333333, -1.1214748620986938, 0.999616265296936, 0.999445378780365, True, 0.5734375, 0.7333333333333333, -0.4914211630821228, 0.9998816251754761, 0.9999285936355591, True, 0.4890625, 0.7145833333333333, -0.5763072967529297, 0.9998148083686829, 0.9997349381446838, True, 0.5828125, 0.8208333333333333, -0.2682187259197235, 0.5427935719490051, 0.9987050294876099, True, 0.425, 0.7083333333333334, -1.019680380821228, 0.9356310367584229, 0.998812198638916, True, 0.5875, 0.9041666666666667, -0.4246775209903717, 0.4502975642681122, 0.9957418441772461, True, 0.409375, 0.6208333333333333, -1.7061574459075928, 0.9949069619178772, 0.9999299049377441, True, 0.5890625, 0.9291666666666667, -0.47236892580986023, 0.5229281187057495, 0.9878239631652832, True, 0.4046875, 0.6041666666666666, -1.9040546417236328, 0.9927491545677185, 0.9998418092727661, True, 0.5875, 0.93125, -0.6033220887184143, 0.5751786828041077, 0.983863115310669, True, 0.4125, 0.5979166666666667, -1.890504002571106, 0.9927586317062378, 0.9998761415481567, True, 0.584375, 0.9229166666666667, -0.4764304459095001, 0.5665692090988159, 0.9898067116737366, True, 0.415625, 0.6041666666666666, -1.7308989763259888, 0.9916025996208191, 0.9999430179595947, True, 0.5453125, 0.9020833333333333, 0.032172370702028275, 0.9909254312515259, 0.9887374639511108, True, 0.49375, 0.8979166666666667, -0.03307321295142174, 0.9943569302558899, 0.9893786311149597, True, 0.7130405902862549, 1.0898858308792114, 0.2619171440601349, 0.01563635841012001, 0.2116192728281021, False, 0.4638216495513916, 1.033806324005127, 0.10089332610368729, 0.02001926861703396, 0.4114241600036621, False, 0.6748361587524414, 1.324345350265503, 1.0241622924804688, 0.009970891289412975, 0.037144985049963, False, 0.43019604682922363, 1.325769305229187, 0.8569432497024536, 0.012192409485578537, 0.05505599454045296, False, 0.6757054924964905, 1.3620874881744385, 1.075444221496582, 0.01302498858422041, 0.021121228113770485, False, 0.4313710331916809, 1.3730640411376953, 0.9149787425994873, 0.012164411135017872, 0.05421414226293564, False, 0.6321046948432922, 1.407630205154419, 0.7082720994949341, 0.010199027135968208, 0.049646779894828796, False, 0.4283798336982727, 1.414313554763794, 0.5297335386276245, 0.00743276858702302, 0.04911316931247711, False
0.5296875, 0.6541666666666667, -0.912830114364624, 0.9981343150138855, 0.9974327683448792, True, 0.5328125, 0.6458333333333334, -0.8411397337913513, 0.9920631051063538, 0.9954848289489746, True, 0.5375, 0.6458333333333334, -0.8424745202064514, 0.9922424554824829, 0.9961597919464111, True, 0.540625, 0.6458333333333334, -0.8423604965209961, 0.9934251308441162, 0.9952103495597839, True, 0.525, 0.6458333333333334, -0.8437686562538147, 0.9932382106781006, 0.9943887591362, True, 0.5234375, 0.6458333333333334, -0.845077633857727, 0.9950436353683472, 0.9956923127174377, True, 0.5203125, 0.6479166666666667, -0.8462566137313843, 0.995424211025238, 0.9950057864189148, True, 0.54375, 0.6520833333333333, -0.43972641229629517, 0.9953725934028625, 0.9967148303985596, True, 0.51875, 0.6541666666666667, -0.4536575376987457, 0.9915441274642944, 0.994918167591095, True, 0.5359375, 0.66875, -0.7528780698776245, 0.9953725934028625, 0.9981593489646912, True, 0.525, 0.66875, -0.763544499874115, 0.9943426847457886, 0.9959644079208374, True, 0.5734375, 0.73125, -0.18676945567131042, 0.9995961785316467, 0.9996515512466431, True, 0.490625, 0.7104166666666667, -0.37666192650794983, 0.9992982149124146, 0.9987357258796692, True, 0.5828125, 0.825, -0.1448732167482376, 0.2433282732963562, 0.9973987340927124, True, 0.4296875, 0.6958333333333333, -1.127776026725769, 0.7305851578712463, 0.9971458315849304, True, 0.590625, 0.9104166666666667, -0.4275102913379669, 0.2572014331817627, 0.9961967468261719, True, 0.4375, 0.6104166666666667, -1.9837920665740967, 0.9531791806221008, 0.9999054670333862, True, 0.5921875, 0.9375, -0.5006816387176514, 0.4248615801334381, 0.989318311214447, True, 0.4375, 0.5895833333333333, -2.242873191833496, 0.9439065456390381, 0.999819815158844, True, 0.590625, 0.9375, -0.6294713616371155, 0.48757779598236084, 0.9886642098426819, True, 0.446875, 0.5916666666666667, -2.1635451316833496, 0.9402793049812317, 0.9998667240142822, True, 0.5875, 0.9291666666666667, -0.4810778498649597, 0.46611103415489197, 0.9927082657814026, True, 0.45, 0.5979166666666667, -1.9901748895645142, 0.934021532535553, 0.9999382495880127, True, 0.54375, 0.9041666666666667, 0.08321437239646912, 0.9890725016593933, 0.9922757744789124, True, 0.4921875, 0.8979166666666667, -0.08401297777891159, 0.993540346622467, 0.9926738142967224, True, 0.6791801452636719, 1.0885899066925049, 0.5469331741333008, 0.0010459307814016938, 0.1640676110982895, False, 0.3887944221496582, 1.0462069511413574, -0.037447527050971985, 0.006203952245414257, 0.3694072365760803, False, 0.6526051163673401, 1.3263826370239258, 1.4243382215499878, 0.0018216876778751612, 0.04717901349067688, False, 0.3398343324661255, 1.336799144744873, 0.7189280390739441, 0.003846303792670369, 0.061485785990953445, False, 0.6593307256698608, 1.3654288053512573, 1.4825242757797241, 0.003201634157449007, 0.028925254940986633, False, 0.34141281247138977, 1.3848357200622559, 0.7757072448730469, 0.003722424851730466, 0.05695695802569389, False, 0.6072370409965515, 1.4079095125198364, 1.066502571105957, 0.0020409643184393644, 0.08233644813299179, False, 0.3526076376438141, 1.4233567714691162, 0.30846190452575684, 0.0024772260803729296, 0.06399901211261749, False
0.515625, 0.65625, -0.814891517162323, 0.99968421459198, 0.9991334080696106, True, 0.5234375, 0.6458333333333334, -0.7812076210975647, 0.9984740614891052, 0.9986244440078735, True, 0.5265625, 0.6458333333333334, -0.782365620136261, 0.9986764788627625, 0.9988542795181274, True, 0.53125, 0.6458333333333334, -0.782271683216095, 0.9987887740135193, 0.9985299110412598, True, 0.515625, 0.65, -0.7464614510536194, 0.9986415505409241, 0.9983788728713989, True, 0.5140625, 0.65, -0.7475644946098328, 0.9990739822387695, 0.9988089799880981, True, 0.5125, 0.65, -0.7485153079032898, 0.9991244673728943, 0.9987285733222961, True, 0.5421875, 0.6520833333333333, -0.5494199395179749, 0.9992243051528931, 0.9989263415336609, True, 0.5171875, 0.6541666666666667, -0.3897734582424164, 0.998246431350708, 0.9987689852714539, True, 0.525, 0.66875, -0.7178559899330139, 0.999333918094635, 0.9995138645172119, True, 0.515625, 0.6708333333333333, -0.6777584552764893, 0.9990205764770508, 0.9988773465156555, True, 0.5765625, 0.7291666666666666, -0.41026395559310913, 0.9998452663421631, 0.9999004602432251, True, 0.490625, 0.7145833333333333, -0.21396015584468842, 0.9997047781944275, 0.9995588660240173, True, 0.584375, 0.8229166666666666, -0.4192853569984436, 0.8553129434585571, 0.9993064403533936, True, 0.4265625, 0.7020833333333333, -0.533164918422699, 0.851330041885376, 0.9995166063308716, True, 0.5921875, 0.9125, -0.726888120174408, 0.8458726406097412, 0.9988685846328735, True, 0.39375, 0.6354166666666666, -1.1953045129776, 0.9860223531723022, 0.9998902082443237, True, 0.59375, 0.9395833333333333, -0.8224126100540161, 0.8746339678764343, 0.9953902959823608, True, 0.3859375, 0.61875, -1.3870012760162354, 0.9841372966766357, 0.999657392501831, True, 0.59375, 0.9395833333333333, -0.9433148503303528, 0.8960146307945251, 0.9949466586112976, True, 0.390625, 0.6125, -1.4084323644638062, 0.9854966998100281, 0.9997366070747375, True, 0.5890625, 0.93125, -0.7796357870101929, 0.8757010102272034, 0.997138261795044, True, 0.39375, 0.6208333333333333, -1.2382817268371582, 0.9863366484642029, 0.999883770942688, True, 0.546875, 0.9083333333333333, -0.019366925582289696, 0.9940802454948425, 0.9940879344940186, True, 0.4921875, 0.9041666666666667, 0.018696747720241547, 0.9960103034973145, 0.9942426085472107, True, 0.7568806409835815, 1.130767583847046, 0.07986482232809067, 0.004791495855897665, 0.15636560320854187, False, 0.5184133648872375, 1.0699400901794434, -0.11354871094226837, 0.014175317250192165, 0.32516905665397644, False, 0.72845059633255, 1.4028239250183105, 0.6876489520072937, 0.002576011000201106, 0.021218109875917435, False, 0.49723300337791443, 1.3932793140411377, 0.4402664601802826, 0.004618522711098194, 0.03589770570397377, False, 0.7329050302505493, 1.4439480304718018, 0.7236048579216003, 0.003940898925065994, 0.012558667920529842, False, 0.5043555498123169, 1.44407057762146, 0.4802008867263794, 0.007531570736318827, 0.035789672285318375, False, 0.674030065536499, 1.4950315952301025, 0.3500116169452667, 0.003093039384111762, 0.04248214140534401, False, 0.48558706045150757, 1.486639380455017, 0.11474049836397171, 0.003807949600741267, 0.044559046626091, False
